GENE_SYMBOL,NUM_PATHWAYS
MAPK3,119
MAPK1,119
PIK3CA,109
PIK3CD,109
PIK3CB,109
P3R3URF-PIK3R3,106
PIK3R1,106
PIK3R2,106
PIK3R3,106
AKT3,103
AKT1,103
AKT2,103
MAP2K1,91
HRAS,84
KRAS,83
RAF1,83
NRAS,80
MAP2K2,79
NFKB1,76
RELA,76
PRKCA,75
MAPK10,74
MAPK9,74
MAPK8,74
PRKCB,73
PRKACB,72
PRKACG,72
PRKACA,72
TNF,67
MAPK14,64
MAPK11,64
MAPK13,64
MAPK12,64
PRKCG,64
PLCB3,63
PLCB1,63
PLCB2,63
PLCB4,63
IKBKB,59
ADCY5,57
JUN,56
RAC1,55
ADCY1,54
ADCY9,54
ADCY3,54
ADCY6,54
IKBKG,53
CHUK,53
GNAS,53
ADCY8,53
MTOR,52
ADCY4,52
ADCY2,52
GRB2,51
TP53,51
IL6,51
ADCY7,51
GNAQ,50
ITPR1,50
BAX,50
ITPR3,50
EGFR,50
CCND1,49
NFKBIA,49
SOS1,48
GSK3B,48
SOS2,48
ITPR2,46
PLCG1,46
CASP3,46
FOS,45
SRC,45
IL1B,44
BRAF,44
GNAI2,43
GNAI1,43
GNAI3,43
CREB1,43
CALML6,43
CALML5,43
CALML4,43
RHOA,43
BCL2,43
CALM1,43
CALM3,43
CALML3,43
CALM2,43
BAD,43
CDKN1A,41
PLCG2,41
ATF4,40
CASP8,37
TGFB1,36
ARAF,36
ACTG1,35
CREB3L2,35
CACNA1D,35
CREB3,35
CREB3L4,35
CASP9,35
ACTB,35
TNFRSF1A,35
CREB3L3,35
CREB3L1,35
CAMK2D,34
CYCS,34
MYC,34
CACNA1C,34
CREB5,34
CAMK2B,34
CAMK2G,34
CAMK2A,34
TRAF6,33
BAK1,33
STAT3,33
IGF1,33
PPP3CA,33
CXCL8,33
PPP3CC,33
CDC42,33
CTNNB1,33
TRAF2,33
PPP3CB,33
PPP3R1,32
IFNG,32
FAS,32
PPP3R2,32
EGF,32
TLR4,31
IGF1R,31
TGFB2,31
FASLG,31
INS,31
RPS6KB2,31
RPS6KB1,31
RAC2,30
IGH,30
MAP3K7,29
ITGB1,29
STAT1,29
JAK1,28
BCL2L1,28
PTEN,28
CDK4,28
FADD,28
TGFB3,28
CREBBP,28
EP300,28
IFNB1,28
CACNA1S,27
PDPK1,27
CACNA1F,27
PTK2,27
ATF2,27
ITGB3,26
E2F1,26
JAK2,26
MYD88,26
TBK1,25
IFNA16,25
IFNA13,25
IFNA17,25
IFNA2,25
NFATC1,25
RAC3,25
IFNA8,25
IFNA4,25
MAP2K7,25
IFNA14,25
IL12B,25
VEGFA,25
IL12A,25
MDM2,25
RB1,25
ATF6B,25
IFNA6,25
IFNA5,25
IFNA7,25
IFNA21,25
IFNA1,25
IFNA10,25
BID,24
HLA-DQA2,24
MET,24
HLA-DRB1,24
HLA-DRB4,24
HLA-DMB,24
HLA-DRB3,24
HLA-DRB5,24
MAP2K6,24
HLA-DOA,24
HLA-DPB1,24
HLA-DPA1,24
HLA-DOB,24
HLA-DQA1,24
HLA-DQB2,24
HLA-DQB1,24
HLA-DMA,24
TRADD,24
HLA-DRA,24
GADD45A,23
GADD45B,23
PLA2G4C,23
PLA2G4B,23
PLA2G4E,23
PLA2G4D,23
INSR,23
PLA2G4A,23
TGFBR2,23
IL10,23
TGFBR1,23
TLR2,23
E2F2,23
CDK6,23
E2F3,23
ERBB2,23
PTGS2,23
JMJD7-PLA2G4B,23
NFATC2,23
GADD45G,23
PLA2G4F,23
GNB1,22
ROCK2,22
SHC1,22
IRAK4,22
GNG13,22
PPP1CB,22
PPP1CA,22
GNG12,22
PPP1CC,22
SHC2,22
SHC4,22
SMAD3,22
PDGFRA,21
ITGB2,21
IRF3,21
PDGFB,21
APAF1,21
SHC3,21
MAP2K3,21
PTPN11,21
TCF7,21
ROCK1,21
TAB2,21
GNB3,21
NFATC3,21
GNAO1,21
ITGA5,21
GNA11,21
GNGT1,21
GNG7,21
IRS1,21
IL1A,21
GRIN2B,21
GNG4,20
GRIN2A,20
GNG2,20
GNG10,20
DDB2,20
GNG3,20
GNGT2,20
TCF7L1,20
MAP2K4,20
GNB5,20
GNB4,20
GNB2,20
CRKL,20
SMAD2,20
MAP3K5,20
CRK,20
IRAK1,20
CCND2,20
PDGFA,20
IL2,20
PDGFRB,20
GNG11,20
TCF7L2,20
ITGAV,20
TRAF3,20
PAK1,20
GNG8,20
PRKAA2,20
PRKAA1,20
GNG5,20
ICAM1,19
ATP1B3,19
NFKBIB,19
ATP1A3,19
NOS3,19
ATP1B1,19
ATP1A4,19
NOS2,19
ATP1B2,19
ATP1A2,19
ATP1A1,19
SMAD4,19
ATP1B4,19
HLA-C,19
VDAC3,19
HLA-A,19
HLA-G,19
HLA-B,19
HLA-E,19
VDAC1,19
PPP2CA,19
PPP2CB,19
GRIN1,19
CDK2,19
LEF1,19
STAT5B,19
CDKN1B,19
ITGAM,18
HDAC1,18
RXRA,18
HDAC2,18
HLA-F,18
TAB1,18
CDKN2A,18
STAT5A,18
IFNGR1,18
IFNAR1,18
IKBKE,18
C3,18
NOS1,18
CCNE1,17
STAT2,17
HGF,17
CCL2,17
FOXO1,17
WNT4,17
CCND3,17
IFNGR2,17
POLK,17
RAP1A,17
SYK,17
CD40,17
PPP2R1B,17
ITGA2B,17
ITGA2,17
FGFR1,17
AGTR1,17
ITGA4,17
FZD3,17
PPP2R1A,17
TYK2,17
CCNE2,17
VDAC2,17
PRKCD,17
IFNAR2,17
BIRC2,16
PLD1,16
RAP1B,16
BIRC3,16
MMP9,16
IRS2,16
TICAM1,16
RIPK1,16
PLD2,16
PRKAG3,16
WNT3,16
PRKCZ,16
CCL5,16
FOXO3,16
FXYD2,16
CASP1,16
WNT5A,16
PRKAG1,16
CSF2,16
AGT,16
WNT16,16
ATP2A1,16
WNT1,16
ATP2A3,16
GRIN2D,16
WNT5B,16
APC,16
APC2,16
PRKAB2,16
PRKAG2,16
PIK3C3,16
PRKAB1,16
ATP2A2,16
CACNA1A,16
GRIN2C,16
GRIA2,16
IL18,16
IL4,16
ITGA6,16
WNT3A,16
JAK3,15
DLD,15
WNT2B,15
WNT7B,15
WNT8A,15
GRM1,15
TSC2,15
FZD9,15
EIF2S1,15
ELK1,15
HSP90AA1,15
HSP90AB1,15
WNT6,15
WNT7A,15
WNT2,15
WNT10A,15
GRIA1,15
WNT10B,15
ALDH7A1,15
GCK,15
IRF9,15
WNT11,15
CACNA1B,15
ALDH2,15
ALDH3A2,15
SP1,15
FZD8,15
PXN,15
EIF4EBP1,15
FZD7,15
HK3,15
HKDC1,15
HK1,15
HK2,15
WNT9B,15
FZD5,15
WNT8B,15
WNT9A,15
FZD4,15
TGFA,15
FZD6,15
THBS1,15
SLC25A31,15
SLC25A4,15
SLC25A5,15
SLC25A6,15
ALDH1B1,15
FZD1,15
FYN,15
FZD10,15
FZD2,15
MYL9,15
VAV1,15
RYR2,15
VAV2,15
CD14,15
VAV3,15
FGF2,15
DVL1,15
DVL3,15
DVL2,15
CYBB,15
RHEB,14
CXCR4,14
MYL2,14
FN1,14
RRAS,14
PIK3CG,14
UQCRFS1,14
HIF1A,14
XIAP,14
TUBA3C,14
TUBA1C,14
TUBA1B,14
MAOB,14
MAOA,14
ATM,14
CASP7,14
TUBA3D,14
TUBA1A,14
LAMA1,14
ITGAL,14
CXCL2,14
CXCL3,14
TUBA8,14
TUBAL3,14
PDGFD,14
PDGFC,14
TUBA3E,14
CD4,14
CD40LG,14
TUBA4A,14
EIF2AK3,14
SOCS3,14
AXIN2,14
CDH1,14
CD86,14
GRIA3,14
AXIN1,14
SDHC,14
SDHB,14
LAMA2,14
SDHA,14
SDHD,14
CXCL1,14
TSC1,13
NDUFA6,13
NDUFA5,13
NDUFS6,13
CAMK4,13
COL4A4,13
PRKCE,13
SLC2A1,13
COL1A2,13
UQCRC1,13
UQCRB,13
UQCRHL,13
COL1A1,13
FGFR3,13
TRAF5,13
RXRB,13
SIRT1,13
FGFR2,13
RBX1,13
CYTB,13
PCK2,13
NDUFB11,13
NDUFB10,13
NDUFB1,13
NDUFB6,13
NDUFB5,13
COX1,13
COX6A1,13
COX5B,13
COL4A6,13
NDUFB4,13
NDUFB3,13
NDUFS5,13
NDUFA1,13
NDUFA10,13
NDUFA11,13
NDUFS7,13
NDUFAB1,13
NDUFB2,13
IRF7,13
UGT2B17,13
UGT2A2,13
NDUFV2,13
IL1R1,13
PPP2R2A,13
NFATC4,13
PPP2R2B,13
COX6A2,13
COX5A,13
COX4I2,13
COX4I1,13
COX3,13
COX2,13
NDUFS2,13
NDUFS3,13
LYN,13
CD28,13
NDUFS1,13
UGT2B4,13
NDUFB8,13
NDUFS8,13
NDUFA13,13
NDUFA2,13
NDUFS4,13
NDUFA9,13
NDUFA3,13
COL4A5,13
MAP3K14,13
UQCRC2,13
COL4A1,13
COL4A2,13
COL4A3,13
ADRB1,13
NDUFA7,13
NDUFA8,13
UQCR11,13
UQCR10,13
UQCRQ,13
ITGA3,13
PCK1,13
UQCRH,13
RXRG,13
NDUFB7,13
UGT2B7,13
NDUFA12,13
UGT1A10,13
UGT1A5,13
UGT1A7,13
UGT1A8,13
IRS4,13
GNA13,13
UGT1A3,13
UGT1A6,13
cytochrome c oxidase subunit NDUFA4-like,13
ITGB7,13
COX7A2,13
COX6C,13
COX7B,13
COX7B2,13
COX6B2,13
UGT1A9,13
ITGB5,13
CYC1,13
UGT1A4,13
COXFA4L2,13
UGT2A3,13
IL5,13
UGT1A1,13
COX7A2L,13
COX8A,13
COX8C,13
COXFA4,13
UGT2B15,13
UGT2B11,13
UGT2B10,13
NDUFC2,13
NDUFC2-KCTD14,13
UGT2A1,13
PFKL,13
PFKM,13
PFKP,13
NDUFV3,13
NDUFV1,13
COX6B1,13
UGT2B28,13
PPP2R2C,13
CD36,13
NDUFC1,13
NDUFB9,13
ALDH9A1,13
PPP2R2D,13
COX7C,13
COX7A1,13
FCGR2A,12
CCNA2,12
MGST1,12
MGST3,12
ACAT1,12
CSF1,12
SKP1,12
ABL1,12
BECN1,12
BECN2,12
KDR,12
ND4,12
ND3,12
ND2,12
DRD1,12
NLRP3,12
SLC8A3,12
HSPA1B,12
HSPA1L,12
SLC8A1,12
PRKCQ,12
HSPA1A,12
CHRM3,12
MGST2,12
HSPA6,12
SLC8A2,12
HSPA8,12
BCAR1,12
tubulin beta 8B,12
GSTA4,12
CCNA1,12
GSTA5,12
GSTT1,12
GSTT2,12
GSTT2B,12
GSTT4,12
GSTA1,12
GSTA2,12
GSTA3,12
GSTO2,12
ND4L,12
ND5,12
ND6,12
NCF1,12
ND1,12
ACAT2,12
GSTM4,12
GSTO1,12
TUBB6,12
TUBB8,12
TUBB8B,12
ATP6V0D1,12
G6PC3,12
ATP6V0D2,12
GSTM3,12
GSTM2,12
GSTM1,12
PPIF,12
G6PC2,12
G6PC1,12
PPARG,12
CD80,12
ACOX3,12
ACOX1,12
GSTM5,12
PYCARD,12
GRM5,12
TUBB,12
EDN1,12
TUBB3,12
TUBB4A,12
TUBB4B,12
IL2RG,12
IL6R,12
TUBB1,12
TUBB2A,12
TUBB2B,12
GOT2,12
GNA12,12
CXCL10,12
PAK2,11
CYBA,11
PAK3,11
NPR1,11
FGF23,11
VEGFD,11
VEGFC,11
PSMC1,11
RPTOR,11
FGF9,11
FGF8,11
FGF7,11
FGF6,11
KIT,11
FGF22,11
FGF21,11
FGF20,11
CCR5,11
GUCY1B1,11
GUCY1A2,11
PRKG2,11
PRKG1,11
FCGR1A,11
FGF4,11
CSNK2B,11
ITGB8,11
FGF3,11
MYL12B,11
MYL12A,11
ARHGEF12,11
CAT,11
HSP90B1,11
CPT1B,11
PDHB,11
PDHA2,11
PDHA1,11
SCARB1,11
GSTP1,11
GUCY1A1,11
PPP2R5D,11
PIK3R6,11
FGF5,11
ITGB4,11
PPP2R5C,11
PPP2R5B,11
PPP2R5A,11
ARRB1,11
EHHADH,11
EIF2AK2,11
PTPN6,11
ARRB2,11
ECHS1,11
GRIN3B,11
GRIN3A,11
CD3E,11
CD3D,11
PIK3R5,11
LAT,11
ITGA9,11
ITGA8,11
DDIT3,11
PPP2R5E,11
GRIA4,11
ACTN4,11
ACTN1,11
TCIRG1,11
MMP2,11
MRAS,11
PLCE1,11
GOT1L1,11
GOT1,11
PLA2G6,11
RAB5A,11
IL2RB,11
ITGA1,11
LCK,11
ATP5F1D,11
ATP5F1C,11
ATP5F1B,11
ATP5F1A,11
C5,11
ERN1,11
SLC9A1,11
ADRB2,11
PDE3B,11
NPPA,11
CSF1R,11
ATP5PB,11
ATP5MC3,11
ATP5MC2,11
ATP5MC1,11
ATP5F1E,11
F2R,11
LDLR,11
ATP5PO,11
ATP5PF,11
ATP5PD,11
ATP8,11
IL2RA,11
ATP6V1H,11
ATP6V0C,11
ATP6V0A4,11
ATP6V0A2,11
ATP6V0A1,11
ATP6,11
KIF5A,11
NTRK1,11
CYP2E1,11
CYP1A2,11
CUL1,11
CXCL12,11
RRAS2,11
FGF18,11
FGF17,11
FGF16,11
FGF10,11
FGF1,11
KIF5C,11
KIF5B,11
BDKRB2,10
BCL2L11,10
RIGI,10
PAK4,10
TIRAP,10
CYP1A1,10
CYP3A4,10
HADHA,10
ATP6AP1,10
TNFRSF10A,10
ATP6V1G3,10
ATP6V1G1,10
ATP6V1G2,10
ATP6V1FP2,10
ATP6V1F,10
ATP6V0B,10
PLA2G12B,10
CGA,10
PLA2G1B,10
PLA2G2A,10
PLA2G2C,10
ATP6V1C1,10
ATP6V1B2,10
PIP5K1A,10
PIP5K1B,10
ATP6V1A,10
ATP6V1B1,10
TNFRSF10B,10
SEM1,10
TNFSF10,10
PLA2G3,10
PLA2G2F,10
PLA2G2E,10
CDKN2B,10
IL3,10
ULK1,10
POMC,10
PPARA,10
ITGA10,10
NCF2,10
ITGA11,10
ATP6V1D,10
ATP6V1E1,10
ATP6V1E2,10
ATP6V1C2,10
MYLK,10
MYLK2,10
MYLK3,10
PLA2G2D,10
PLA2G5,10
ESR1,10
VCL,10
LAMB3,10
ACTR3,10
ACTR3B,10
VCAM1,10
ACTR2,10
CSNK2A2,10
CSNK2A3,10
LAMC1,10
ITGB6,10
MYLK4,10
FGF19,10
KCNJ3,10
CAV3,10
RPS6KA1,10
ARPC1B,10
ARPC1A,10
NFKB2,10
ARPC5,10
ARPC4,10
ARPC3,10
ARPC2,10
ARPC5L,10
ACACB,10
KCNJ6,10
FLT1,10
LAMA3,10
LAMA4,10
LAMA5,10
LAMC2,10
ACTR3C,10
CD3G,10
CPT1A,10
CALR,10
SPHK1,10
SPHK2,10
DRD2,10
PTK2B,10
CSNK2A1,10
PIP5K1C,10
PKM,10
PLA2G10,10
PLA2G12A,10
GAB1,10
PPARGC1A,10
ADH5,10
RPS6KA6,10
HMOX1,10
MAVS,10
ITGA7,10
RPS6,10
RPS6KA3,10
RPS6KA2,10
VEGFB,10
ARHGEF1,10
ATP2B2,9
ATP2B1,9
PLPP3,9
PLPP2,9
PLPP1,9
FCGR3A,9
RAB5C,9
ADH4,9
ADH1C,9
ADH1B,9
ADH1A,9
ADRM1,9
ATP2B3,9
RAB5B,9
CHRM1,9
ADRA1A,9
GLUL,9
GLS2,9
GLS,9
ATP2B4,9
C1QB,9
C1QC,9
C1QA,9
STK11,9
ZAP70,9
HEXA,9
PARD3,9
HEXB,9
KNG1,9
BBC3,9
FGFR4,9
CYP2C9,9
IL6ST,9
ATP6V0E1,9
NOTCH2,9
ATP6V0E2,9
BDNF,9
FCGR3B,9
SQSTM1,9
ADRB3,9
NOTCH1,9
IL23A,9
BTRC,9
GAPDH,9
BUB1B-PAK6,9
TH,9
LRP6,9
SOCS1,9
LRP5,9
MAP1LC3BP1,9
MAP1LC3B2,9
MAP1LC3B,9
MAP1LC3A,9
MAP3K1,9
DDC,9
TLR9,9
FLT4,9
SHMT2,9
SHMT1,9
LAMB1,9
JAG1,9
PPP2R3A,9
LAMC3,9
PPP2R3B,9
PPP2R3C,9
ACSL5,9
ACSL6,9
CD209,9
ACSL4,9
NOTCH3,9
WASL,9
PIK3R4,9
TLR3,9
PKLR,9
ADH6,9
ADH7,9
VWF,9
ACACA,9
MAP1LC3C,9
RPS6KA5,9
PSMD4,9
PSMD6,9
PSMD7,9
PSMD8,9
ACSL1,9
ACSL3,9
CPT1C,9
PSMC5,9
ARF6,9
MYL5,9
FBXW11,9
UBA52,9
PSMC3,9
MYH7,9
PSMC4,9
PSMD3,9
PSMD2,9
RPS27A,9
HSPA5,9
AOX1,9
PSMD14,9
PSMD1,9
PSMC6,9
LAMB4,9
LAMB2,9
KCNJ5,9
PSMD11,9
PSMD12,9
PSMD13,9
MCU,9
MYH6,9
NGFR,9
NGF,9
PSMC2,9
RYR3,9
HBEGF,9
PAK6,9
PAK5,9
CLEC4M,9
TJP1,8
UBC,8
SOD1,8
CCL3L3,8
RYR1,8
HADH,8
GYS2,8
B4GALT1,8
B4GALT2,8
BCAT2,8
KITLG,8
KLC1,8
KLC2,8
KLC3,8
KLC4,8
AGXT2,8
MYH14,8
MYH9,8
MYL11,8
BMP4,8
PSMA2,8
PSMA3,8
PSMA4,8
PSMA5,8
CCL3,8
CCL3L1,8
PSMB4,8
PSMB5,8
PSMB6,8
PSMB7,8
PSMA6,8
PSMA7,8
PSMA8,8
PDYN,8
MAPK7,8
CASP12,8
MAPKAPK2,8
CBL,8
PRKCI,8
GUSB,8
GYS1,8
PSMA1,8
BIRC5,8
CTNNA1,8
STING1,8
CYP2C8,8
KCNJ9,8
SLC18A1,8
SLC18A2,8
FCER1G,8
FCGR2B,8
PGM1,8
PGM2,8
CD247,8
TAP1,8
TAP2,8
ACADS,8
WASF2,8
PSMB1,8
PSMB2,8
PSMB3,8
CCNB2,8
PSMD9,8
MYL7,8
MTR,8
UGP2,8
FLT3,8
SKP2,8
SPP1,8
ATG14,8
XBP1,8
NFKBIE,8
LDHC,8
CSNK1A1,8
CTNNA2,8
CTNNA3,8
CSNK1A1L,8
CSNK1E,8
RAPGEF3,8
GABBR1,8
MYH10,8
MYH11,8
CHRNA7,8
ENPP1,8
COMP,8
TPM3,8
TPTEP2-CSNK1E,8
PPP1R12A,8
IDH1,8
IDH2,8
LCP2,8
LDHA,8
LDHAL6A,8
LDHAL6B,8
LDHB,8
AKR1A1,8
FBP1,8
FBP2,8
SLC2A2,8
ENPP3,8
CDK1,8
MMP1,8
ADORA1,8
NCF4,8
IL4I1,8
IL4R,8
ALDH3A1,8
ALDH3B1,8
ALDH3B2,8
WIPI1,8
WIPI2,8
SERPINE1,8
GABBR2,8
CHRFAM7A,8
EZR,8
F2,8
SLC6A3,8
ADIPOQ,8
ADORA2A,8
ADRA1B,8
LPAR1,8
CAPN1,8
CAPN2,8
ATG101,8
ATG13,8
CFTR,8
ACAA1,8
IL13,8
TNFSF11,8
TNNI3,8
ULK2,8
ATG5,8
PLAAT2,8
ADRA1D,8
ESR2,8
EPO,8
PLAAT3,8
RAB7A,8
CACNA1G,8
TAB3,8
THBS2,8
THBS3,8
THBS4,8
BCAT1,8
CTSL,8
CYP1B1,8
CYP2A6,8
CYP2A7,8
YWHAE,8
ORAI1,8
OCLN,7
YWHAB,7
PCNA,7
NQO1,7
PARD6G,7
PARD6B,7
PARD6A,7
CYP2J2,7
YWHAZ,7
YWHAQ,7
CLDN16,7
CLDN15,7
CLDN14,7
CLDN12,7
CLDN11,7
CLDN10,7
CTSD,7
RET,7
CXCR2,7
CXCL6,7
CXCL5,7
CLDN9,7
PLN,7
ALDOC,7
ALDOB,7
ALDOA,7
DLST,7
DLAT,7
CACNA2D1,7
CACNA1I,7
CACNA1H,7
IGF2,7
GNAL,7
AMBRA1,7
PLB1,7
COL9A3,7
COL9A2,7
COL9A1,7
EPOR,7
ERBB3,7
PDE1C,7
PDE1B,7
PDE1A,7
LHB,7
LEPR,7
LEP,7
RAB8A,7
GPI,7
ALOX5,7
ALOX15,7
LPAR2,7
ATG2B,7
CACNG4,7
CACNG3,7
CACNG2,7
CACNG1,7
CACNB4,7
TNNC1,7
PMAIP1,7
GLUD2,7
GLUD1,7
SELE,7
TNFRSF1B,7
TNFAIP3,7
IL1R2,7
IL15,7
CA2,7
ILK,7
IL7R,7
CFLAR,7
GLB1,7
CACNA2D3,7
CACNA2D2,7
CACNG8,7
CACNG7,7
CACNG6,7
CACNG5,7
LIPE,7
PLCZ1,7
PLCD4,7
PLCD3,7
PLCD1,7
GABRA3,7
GABRA2,7
GABRA1,7
GAD2,7
GAD1,7
GABRB3,7
GABRB2,7
BRCA1,7
INPP5D,7
BMPR2,7
BTK,7
GABRB1,7
GABRA6,7
GABRA5,7
GABRA4,7
MLH1,7
MMP3,7
PML,7
ADCY10,7
PGAM4,7
PGAM2,7
PGAM1,7
COL3A1,7
CACNB3,7
CACNB2,7
CACNB1,7
CACNA2D4,7
PGF,7
AFDN,7
TFRC,7
SLC2A4,7
ATR,7
BMPR1B,7
RALGDS,7
VTN,7
ENO3,7
ENO2,7
ENO1,7
COL6A6,7
COL6A5,7
COL6A3,7
COL6A2,7
COL6A1,7
GAB2,7
RAPGEF4,7
CSF3,7
CHRM5,7
CHRM2,7
TPM1,7
LTA,7
LY96,7
LTBR,7
CAMKK2,7
PTGER4,7
NOX1,7
NOTCH4,7
LPAR4,7
DNM2,7
DOCK1,7
ATG2A,7
AKT1S1,7
CLDN1,7
FRAT2,7
FRAT1,7
JUP,7
UGDH,7
RB1CC1,7
RASSF1,7
RALA,7
TLN2,7
TLN1,7
EDNRA,7
ARNT,7
PTGER2,7
WASF1,7
CD38,7
PRF1,7
MYL3,7
AGER,7
UBB,7
DAG1,7
STAT6,7
PSAT1,7
CCNB1,7
CBLB,7
ARF1,7
VASP,7
CAV1,7
CR1L,7
CR1,7
MDH1,7
MEF2C,7
MYL10,7
AGXT,7
B4GALT3,7
OAS3,7
HES1,7
RRM2B,7
RRM2,7
GZMB,7
TRAF1,7
CCL4L2,7
CCL4L1,7
CCL4,7
SOD2,7
NFE2L2,7
FH,7
FGG,7
TICAM2,7
TIAM1,7
CLDN3,7
CLDN25,7
CLDN24,7
CLDN23,7
CLDN22,7
CLDN20,7
CLDN2,7
CLDN19,7
CLDN18,7
CLDN17,7
CLDN8,7
CLDN7,7
CLDN6,7
CLDN5,7
CLDN4,7
CLDN34,7
ABAT,7
CYP2B6,7
OAS2,7
OAS1,7
ABCC1,6
NXF2B,6
NXF3,6
YWHAG,6
YWHAH,6
CYP17A1,6
NPR2,6
CYP3A5,6
CXCR1,6
BDKRB1,6
KL,6
RASGRP2,6
KCNMA1,6
KCNQ1,6
KEAP1,6
CYP7A1,6
STAT4,6
DAXX,6
CTH,6
DCTN5,6
DCTN4,6
DCTN2,6
DCTN1,6
BCL10,6
GABRR1,6
GABRQ,6
GCG,6
GABRG1,6
GABRE,6
GABRD,6
AKR1B1,6
TLR6,6
TLR5,6
G6PD,6
SGK1,6
GABRP,6
GABRG3,6
GABRG2,6
GABARAPL2,6
GABARAPL1,6
GFPT1,6
GHR,6
GH2,6
GH1,6
GLDC,6
GLA,6
ADORA2B,6
ADIPOR2,6
ADIPOR1,6
TEK,6
SLC32A1,6
FASN,6
NCK2,6
CHEK1,6
GABRR3,6
GABRR2,6
TNNT2,6
TNN,6
AMT,6
MSN,6
GLYCTK,6
PLAU,6
COL2A1,6
EPHX2,6
ERBB4,6
SELP,6
GMPPB,6
GMPPA,6
TNC,6
CGAS,6
GCSH,6
GFPT2,6
ANGPT1,6
ANAPC5,6
MITF,6
MLYCD,6
MMUT,6
SCP2,6
GPX8,6
GPX7,6
SMURF2,6
SMURF1,6
TNXB,6
TNR,6
SDSL,6
SDS,6
SDC1,6
ALDH6A1,6
GPX6,6
GPX5,6
GPX3,6
GPX2,6
GPX1,6
GPT2,6
GPT,6
CD8B2,6
CD8B,6
CD8A,6
GRK3,6
GRK2,6
TPM4,6
ACTC1,6
XDH,6
ANGPT2,6
PRL,6
PRKN,6
SCD,6
CCR3,6
GSTK1,6
ADAM17,6
EGR1,6
EIF4E,6
EIF4E2,6
EIF4E1B,6
ELMO1,6
TPM2,6
TPI1,6
SCD5,6
CD44,6
WAS,6
CCL20,6
MDH2,6
RUNX1,6
RRM1,6
ARG2,6
ARG1,6
ACSBG2,6
ACSBG1,6
EFNA1,6
TBPL2,6
TBPL1,6
TBP,6
PDIA3,6
PSEN1,6
APOA1,6
PRLR,6
TANK,6
EDNRB,6
EFNA5,6
EFNA4-EFNA3,6
HPGDS,6
CBR1,6
EFNA4,6
EFNA3,6
EFNA2,6
CPS1,6
ACSS2,6
ACSS1,6
ACE,6
PTCH1,6
MC2R,6
CAV2,6
NME2,6
ATF6,6
MALT1,6
PYGB,6
HSD3B2,6
HSD3B1,6
TSHR,6
TSHB,6
HTR2C,6
HTR2B,6
HTR2A,6
PTGER3,6
NME1-NME2,6
NME1,6
ACADM,6
TAT,6
DLL1,6
DLG1,6
C5AR1,6
RAB7B,6
ATG12,6
IFIH1,6
PYGM,6
PYGL,6
LPAR5,6
CRH,6
CS,6
DRD5,6
NME7,6
NME6,6
NME4,6
NME3,6
DGKQ,6
DGKK,6
DGKI,6
C4B_2,6
IL12RB1,6
IL10RB,6
DGKH,6
DGKG,6
DGKE,6
DGKD,6
DGKB,6
DGKA,6
DHFR2,6
DHFR,6
DLL4,6
DLL3,6
IL3RA,6
LHCGR,6
IL10RA,6
IL17A,6
C9,6
C8G,6
C8B,6
C8A,6
C4B,6
C4A,6
C2,6
C1R,6
ACO2,6
ACO1,6
PDE3A,6
PDE2A,6
RASSF5,6
BAAT,6
LAMP2,6
LAMP1,6
RASGRP1,6
DCTN6,6
ST3GAL3,6
DGKZ,6
CSHL1,6
CSH2,6
CSH1,6
BMPR1A,6
TYMS,6
RALB,6
INPPL1,6
B2M,6
CYP2C19,6
NXF1,6
complement C4A (Rodgers blood group)-like,6
NXF2,6
glycine cleavage system H protein,6
NRBF2,6
NTRK2,6
CTSG,6
CTSB,6
RELN,6
RELB,6
RBPJL,6
RBPJ,6
RBL2,6
CX3CL1,6
STX1A,6
GABARAP,6
AKR1C8,6
AKR1C3,6
AKR1B15,6
SHH,6
MX2,6
MX1,6
FGB,6
FGA,6
AKR1B10,6
CLTCL1,6
CLTC,6
CLTB,6
CLTA,6
CYP11A1,6
CYLD,6
KAT2A,5
KAT2B,5
P2RY1,5
PAH,5
OXSM,5
OXTR,5
TYMP,5
JAG2,5
JAM2,5
JAM3,5
RPEL1,5
BLNK,5
ITCH,5
GALT,5
APPL1,5
GCLC,5
GCLM,5
TNFRSF11A,5
TNFRSF13C,5
PRPS1,5
PRPS1L1,5
PRPS2,5
GBA1,5
CHPT1,5
CHAD,5
NXT1,5
NXT2,5
STK4,5
OGDH,5
OGDHL,5
PAPSS1,5
PAPSS2,5
OPRM1,5
MGLL,5
PPP1R12B,5
PPP1R12C,5
PPP1R1B,5
SGCA,5
SGCB,5
CHRNB2,5
PPARD,5
WASF3,5
AOC3,5
SGCD,5
BNIP3,5
RPE,5
ABCC2,5
RPA1,5
RPA2,5
RPA3,5
SGCE,5
SGCG,5
SGCZ,5
PPID,5
VCP,5
VDR,5
CEBPB,5
CEL,5
DAO,5
NT5M,5
IRF1,5
CYP21A2,5
FUS,5
TLR7,5
CHRNA4,5
FUT8,5
TKFC,5
FSHB,5
AREG,5
GNA15,5
MECOM,5
AOC2,5
PARP1,5
STAR,5
DBT,5
CYTH1,5
ABCC4,5
NT5E,5
ANAPC2,5
ANAPC4,5
ANAPC7,5
ANGPT4,5
FPGS,5
MCEE,5
CDKN2C,5
MLST8,5
NT5C2,5
NT5DC4,5
CYTH2,5
CYTH3,5
CYTH4,5
KCNK2,5
VAMP2,5
FOSB,5
CDC23,5
CDC25A,5
CDC25C,5
CDC26,5
CDC27,5
SDC2,5
SDC4,5
ARHGEF11,5
POLD2,5
POLD3,5
POLD4,5
DCTN3,5
PCCA,5
PCCB,5
RIPK2,5
RIPK3,5
IL7,5
DDB1,5
NT5C,5
NT5C1A,5
NT5C1B,5
NT5C1B-RDH14,5
CIITA,5
SIN3A,5
FOLH1,5
POLD1,5
MPI,5
MPO,5
FLT3LG,5
BRCA2,5
IL23R,5
RGN,5
ST3GAL1,5
PC,5
MAT1A,5
MAT2A,5
MAT2B,5
MAX,5
CDC16,5
FLNA,5
SLC11A2,5
C1S,5
C3AR1,5
SLC17A8,5
CDC20,5
AMY1A,5
AMY1B,5
AMY1C,5
AMY2A,5
AMY2B,5
ANAPC1,5
ANAPC10,5
ANAPC11,5
ANAPC13,5
PMM1,5
PMM2,5
PNLIP,5
IL1RAP,5
IL12RB2,5
C6,5
C7,5
PDE4D,5
ST3GAL2,5
NPY,5
NR1H3,5
NR4A1,5
ANAPC15,5
SLC17A6,5
SLC17A7,5
ALYREF,5
FCGR2C,5
CMPK1,5
MAP3K3,5
CAD,5
RDX,5
IDH3A,5
IDH3B,5
BCKDHB,5
CSF3R,5
BCKDHA,5
IL15RA,5
MAP2K5,5
GSS,5
GRM2,5
GRM3,5
GRM4,5
CCNB3,5
PDE4A,5
PDE4B,5
PDE4C,5
BAIAP2,5
IBSP,5
CAMP,5
SST,5
DHTKD1,5
SSTR2,5
SLC1A2,5
AMH,5
UPB1,5
PLAT,5
SLC27A5,5
ANAPC16,5
CCR4,5
CCR8,5
CD19,5
H2AB2,5
H2AB3,5
H2AC1,5
ACAA2,5
NOX4,5
DLG4,5
DIAPH1,5
NOD1,5
H2AC14,5
H2AC15,5
H2AC16,5
H2AC17,5
H2AC18,5
H2AC19,5
ASS1,5
F11R,5
SSPN,5
IDH3G,5
RBL1,5
CANX,5
FADS2,5
H2AJ,5
H2AL3,5
H2AX,5
H2AZ1,5
H2AZ2,5
H2AB1,5
H2AC20,5
H2AC21,5
H2AC25,5
H2AC4,5
PIM1,5
F2RL3,5
ACP5,5
RASGRP3,5
HTR1A,5
HTR1B,5
HTR1D,5
HTR1F,5
CRTC2,5
DNM1,5
DMD,5
TERT,5
H2AC11,5
H2AC12,5
H2AC13,5
H3C14,5
H3C15,5
H3C2,5
H3C3,5
HTR4,5
HTR6,5
HTR7,5
HSPD1,5
HSPG2,5
PDE8A,5
PDE8B,5
SLC46A1,5
PIKFYVE,5
ETS1,5
AK1,5
AK2,5
ACP1,5
NLRC4,5
HTR1E,5
PECAM1,5
DNM3,5
SREBF1,5
AK4,5
AK5,5
AK6,5
AK7,5
H2AC6,5
H2AC7,5
H2AC8,5
H3C1,5
H3C10,5
H3C11,5
H3C12,5
H3C13,5
HSD17B12,5
HSD17B4,5
RAPGEF1,5
LBP,5
ACTR1A,5
H3-3A,5
H3-3B,5
AK8,5
AK9,5
MYL4,5
MYL6,5
MYL6B,5
EPHA2,5
SMAD1,5
DPYD,5
RARA,5
AVP,5
AVPR1A,5
AVPR1B,5
PFN2,5
PFN3,5
CRHR1,5
EPHX1,5
ENTPD3,5
ENTPD4,5
NAIP,5
PHGDH,5
H3-4,5
H3-5,5
H3-7,5
HADHB,5
H3C4,5
H3C6,5
H3C7,5
H3C8,5
PTH,5
MACROH2A1,5
ACTR1B,5
CASP10,5
CASP4,5
SPI1,5
DTNA,5
MACROH2A2,5
MAD1L1,5
SMO,5
SMPD1,5
ENTPD1,5
ENTPD8,5
PFN1,5
CBS,5
HPD,5
LIMK1,5
NECTIN1,5
NECTIN2,5
DPYS,5
H3Y1,5
H3Y2,5
CCR1,5
PTPRF,5
PTGS1,5
SOCS2,5
ELOB,5
ELOC,5
MAGI1,5
PTPRC,5
ELOVL4,5
ADAR,5
ADCYAP1,5
ADCYAP1R1,5
ACTR10,5
HMGCS1,5
AGPAT2,5
NCOA3,5
LPIN1,5
SNTA1,5
SNTB1,5
SNTB2,5
PGR,5
LPAR3,5
HCLS1,5
HDAC4,5
HDAC5,5
ELOVL1,5
XPO1,5
ACVR1,5
PGK1,5
TAPBP,5
TAPBPL,5
CCL11,5
CCL17,5
HIBCH,5
RAB1A,5
COX10,5
COX15,5
AGPAT1,5
CCKAR,5
LMNA,5
HMGCS2,5
ADSL,5
ADSS1,5
ADSS2,5
TRPC1,5
LPIN2,5
LPIN3,5
RAB11A,5
NCK1,5
PGK2,5
PFN4,5
CPT2,5
ABCA1,5
CTSK,5
CTSS,5
CTTN,5
OPRD1,5
BHMT,5
BIRC7,5
CFL1,5
CFL2,5
alpha-amylase 1B,5
BMP2,5
ITGAX,5
RPA4,5
ITPKA,4
ITPA,4
ITPKC,4
BMI1,4
cytochrome P450 2D6-like,4
AP2A2,4
AP2A1,4
MGAM,4
CYP27B1,4
CYP2C18,4
CYP11B1,4
CXCL11,4
RPIA,4
ISG15,4
PPT1,4
PPT2,4
GCDH,4
MGAM2,4
APOA4,4
APOB,4
GGT5,4
GHRL,4
GDF7,4
LRTOMT,4
SORBS1,4
CR2,4
ADRA2A,4
CCKBR,4
CCL21,4
CCL22,4
ATP4A,4
ATP4B,4
LIPA,4
EDN2,4
EDN3,4
CCL7,4
CCK,4
ADRA2B,4
ADRA2C,4
ACY1,4
DYNC1I1,4
DYNC1I2,4
DYNC1LI1,4
EARS2,4
AFMID,4
PGD,4
TALDO1,4
DYNC1H1,4
CCL13,4
CCL19,4
HDAC8,4
HEY2,4
HEYL,4
HHIP,4
ATG7,4
HAP1,4
HDDC2,4
UMPS,4
SNW1,4
NCOR1,4
NCBP1,4
LPAR6,4
CCL28,4
HDAC3,4
HDAC6,4
EIF2AK4,4
EGR2,4
RAB11B,4
HES5,4
ACVR2A,4
ACVR2B,4
LIMK2,4
CCL25,4
HMGB1,4
HMGCL,4
HMGCLL1,4
HMGCR,4
NEDD4L,4
DYNC1LI2,4
DYNC2H1,4
DYNLL1,4
NAGS,4
AGPAT3,4
AGPAT4,4
AGPAT5,4
NCOA1,4
LRP1,4
H4C5,4
COMMD3-BMI1,4
COMT,4
SOCS4,4
ELMO2,4
ATIC,4
ATG16L1,4
H4C6,4
H4C7,4
H4C8,4
HAO1,4
HAO2,4
ELOVL2,4
ELOVL3,4
ELOVL5,4
NEDD4,4
ENTPD6,4
DYNLL2,4
DUSP1,4
PFKFB1,4
PFKFB2,4
PFKFB3,4
RAD51,4
LIF,4
RPS3,4
DRD3,4
ENO4,4
ELOVL6,4
ELOVL7,4
EMD,4
H4C1,4
CCR10,4
NEU1,4
TRPM7,4
HRH1,4
HRH2,4
LIG1,4
SPTLC2,4
SPTLC3,4
MAD2L1,4
SMS,4
ENTPD2,4
NAT1,4
NAT2,4
NCAM1,4
SMARCB1,4
NCAM2,4
ENTPD5,4
H4C12,4
H4C13,4
H4C14,4
H4C15,4
MAD2L2,4
H4C9,4
HACD1,4
HACD2,4
HACD3,4
HACD4,4
PTH1R,4
PTPN1,4
DRD4,4
DUT,4
ADA,4
NFS1,4
SLC9A3,4
PIAS4,4
EREG,4
NHERF1,4
RARB,4
RASA1,4
AVPR2,4
RAN,4
PER2,4
DNALI1,4
CSAD,4
EPRS1,4
H2BC17,4
H2BC18,4
H2BC21,4
H4C11,4
H4C4,4
CRHR2,4
SPTBN2,4
SRM,4
HSD11B1,4
HSD11B1L,4
HSD17B10,4
RAPGEF2,4
SPTLC1,4
DNAL4,4
ACTA2,4
ACOT2,4
H2BW1,4
H2BW2,4
AHR,4
AGTR2,4
PIK3C2G,4
MTHFD1,4
ALAS1,4
ACOT4,4
ACOX2,4
NLK,4
LACC1,4
HSD17B6,4
CARD9,4
CARNS1,4
HPRT1,4
DNMT3A,4
SRF,4
H4C16,4
H4C2,4
H4C3,4
HSD17B8,4
HTR5A,4
HTRA2,4
KYAT1,4
KYAT3,4
DNAL1,4
DNAH7,4
NLRX1,4
H2BC12L,4
H2BC13,4
H2BC14,4
H2BC15,4
SLC4A2,4
MTMR14,4
MTMR3,4
MTMR4,4
ICAM2,4
RPN1,4
RPN2,4
HSD17B7,4
DNAH9,4
DNAI1,4
DNAI2,4
TF,4
H2BC26,4
H2BC3,4
H2BC4,4
H2BC5,4
H2BC6,4
H2BC7,4
H2BC8,4
DNAH17,4
H2BC11,4
H2BC12,4
H2BC9,4
H2BK1,4
MTHFR,4
PINK1,4
PIP4K2A,4
PIK3C2A,4
PIK3C2B,4
PIPOX,4
PKN1,4
MS4A2,4
AKR1C1,4
AKR1C2,4
AKR1C4,4
TECR,4
EZH2,4
DNAH1,4
DNAH10,4
DNAH11,4
DNAH12,4
DNAH14,4
DNAH5,4
TST,4
DNAH2,4
DNAH3,4
CANT1,4
ICOS,4
ID1,4
S1PR1,4
H2BC1,4
H2BC10,4
ACOT1,4
ACADL,4
ACADSB,4
ACADVL,4
ACSF3,4
DNAH8,4
UCK1,4
CSF2RA,4
CSF2RB,4
MSH6,4
CNR1,4
PIP4K2B,4
PIP4K2C,4
GUCY2D,4
MSH2,4
MSH3,4
ALPG,4
SLC1A6,4
FDPS,4
FCER1A,4
ALPI,4
SLC27A1,4
SLC27A4,4
ALPL,4
ALPP,4
MAN1A1,4
MAN1A2,4
MAN1B1,4
CCR9,4
ALAS2,4
ID2,4
DNAH6,4
CMPK2,4
CNDP1,4
CNDP2,4
NOD2,4
NPPB,4
PDE11A,4
UCK2,4
UCKL1,4
UCP1,4
SSTR1,4
CNGB1,4
SLC19A1,4
SLC1A1,4
SLC1A3,4
ALOX12,4
ALOX12B,4
MAN1C1,4
SSTR5,4
NPPC,4
IGFBP3,4
CAMK1G,4
CALCOCO2,4
IDO1,4
IDO2,4
IL18R1,4
ASL,4
GSDMD,4
GSR,4
CD46,4
TPH2,4
TPO,4
GRM6,4
UPP2,4
KMT2A,4
KPNA1,4
CAMK1,4
CAMK1D,4
IL17F,4
IL11,4
DES,4
ASAH1,4
PLG,4
PLIN1,4
PLK1,4
THPO,4
AMPD1,4
FCSK,4
FHIT,4
GSK3A,4
MAPT,4
MAP3K8,4
PTGER1,4
SCRIB,4
TPR,4
GRHPR,4
PNP,4
PNPLA2,4
CLEC7A,4
AMPD2,4
AMPD3,4
MPST,4
GRM7,4
GRM8,4
UPP1,4
PNLIPRP2,4
PCYT1A,4
PCYT1B,4
IL33,4
IL21,4
IL21R,4
IL22,4
ABCG5,4
ABCG8,4
ABHD14A-ACY1,4
ABL2,4
PDE10A,4
NRP1,4
BCL2A1,4
KIF7,4
CD81,4
RFC2,4
RFC3,4
RFC4,4
RFC5,4
DGAT1,4
CTLA4,4
CSNK1D,4
DCK,4
SIRT6,4
PSPH,4
GPER1,4
TP73,4
TPH1,4
CDA,4
GPX4,4
PNLIPRP1,4
IMPDH2,4
DDIT4,4
DDO,4
DDOST,4
FIG4,4
TK1,4
TK2,4
FOSL1,4
SI,4
SIAH1,4
POLE3,4
FPGT,4
FPR1,4
TXN,4
TXN2,4
RFC1,4
GPHN,4
GP1BA,4
USP7,4
CDIPT,4
GNMT,4
SEC13,4
MBL2,4
FOLR1,4
FOLR2,4
FOLR3,4
MOCS2,4
CDC25B,4
ARHGEF2,4
MMAB,4
CDK5,4
IMPDH1,4
MLKL,4
FSHR,4
CTBP1,4
CTBP2,4
IL5RA,4
IQGAP1,4
PAX8,4
PBX1,4
UBE2D3,4
UBE2D4,4
UBE2G1,4
UBE2G2,4
SGMS1,4
SGMS2,4
GNRH1,4
GNRH2,4
UBE2I,4
UBE2J1,4
UBE2J2,4
NTPCR,4
NTRK3,4
ST8SIA1,4
DCC,4
ZBTB17,4
ABCC3,4
CYP2D6,4
MCL1,4
TNFRSF14,4
TOMT,4
CDH5,4
ARHGAP35,4
MME,4
TKTL2,4
AR,4
POLR2E,4
POLR2F,4
POLR2H,4
POLR2K,4
CHRNB4,4
FTH1,4
FTL,4
MEF2A,4
SEC61A1,4
SEC61A2,4
CEPT1,4
TNFSF13B,4
POLR2L,4
AOC1,4
CYP3A7-CYP3A51P,4
NTF3,4
NTF4,4
INPP5A,4
KCNJ2,4
UBE2D1,4
UBE2D2,4
CTPS1,4
CTPS2,4
SUCLG2,4
ME3,4
CHRM4,4
CHRNA3,4
FUT9,4
TKT,4
TKTL1,4
BST1,4
BMP6,4
BMP7,4
BMP8A,4
BMP8B,4
RORA,4
MFN1,4
MFN2,4
MECR,4
CEBPA,4
TNFSF14,4
GNE,4
GMDS,4
ME1,4
CYP2D7,4
DAD1,4
VPS4A,4
VPS4B,4
GMPS,4
GNA14,4
GAA,4
CHRNA6,4
AP2M1,4
ANPEP,4
GADL1,4
CHMP2B,4
CHMP4A,4
CHMP4B,4
JUND,4
KCNN2,4
KCNN4,4
RNASEL,4
STT3A,4
ODC1,4
NUDT16,4
STT3B,4
OPTN,4
CYP24A1,4
CYP27A1,4
GHSR,4
SEC61B,4
SEC61G,4
SELENOI,4
GLI1,4
GLI2,4
GLI3,4
GLP1R,4
AP2S1,4
GFUS,4
APP,4
AP2B1,4
GGT1,4
GGT2,4
CERS3,4
GIP,4
GIT1,4
PSEN2,4
PRSS1,4
PRSS2,4
PRSS3,4
GATA4,4
GALE,4
GALK1,4
CYP3A7,4
TMPRSS2,4
ITPKB,4
P2RX3,4
P2RY2,4
UAP1L1,4
SUCLA2,4
SUCLG1,4
CX3CR1,4
CXADR,4
AADAT,4
OXT,4
P2RX1,4
P2RX2,4
GBA2,4
CHEK2,4
MIOX,4
HEY1,4
LPL,4
NCEH1,4
ADORA3,4
histone H2B type F-S-like,4
ABCD4,4
ABCG2,4
ABCB1,4
ABCB11,4
CUL2,4
CXCL9,4
BHMT2,4
UAP1,4
GART,4
VHL,4
GATA3,4
A4GALT,3
OXCT2,3
OXCT1,3
OTC,3
ZEB1,3
CYP19A1,3
CXCR3,3
CXCR5,3
STX7,3
OGT,3
OLR1,3
OPRK1,3
OPRL1,3
CYFIP1,3
CYFIP2,3
CYP11B2,3
KCNA4,3
BLVRB,3
RORC,3
JUNB,3
PRKD3,3
PRNP,3
GDF5,3
GDF6,3
GDNF,3
PRDM16,3
GAMT,3
GANAB,3
SETD7,3
SETDB1,3
SFN,3
GCGR,3
GCH1,3
GALNT18,3
GALNT2,3
PRDX1,3
GANC,3
GALM,3
MGAT1,3
APRT,3
AQP1,3
GGT6,3
GGT7,3
GHRH,3
GHRHR,3
SEPSECS,3
MIR10A,3
VPS11,3
VPS16,3
VPS18,3
PRKD1,3
PRKD2,3
GLE1,3
GGCX,3
GGH,3
MIR10B,3
MIF,3
MINPP1,3
GALNT3,3
GATM,3
GALNT6,3
GALNT7,3
GALNT8,3
GALNT9,3
GALNTL5,3
GALNTL6,3
CHD4,3
CHDH,3
GALNT16,3
GALNT17,3
VPS33A,3
VPS39,3
VPS41,3
TNFRSF13B,3
CERS1,3
CERS2,3
CERS4,3
CERS5,3
CERS6,3
CFB,3
GIPR,3
GK,3
GK2,3
GK3,3
SEH1L,3
SELPLG,3
MGAT2,3
MGAT4A,3
MGAT4B,3
MGAT4C,3
MGAT4D,3
MGAT5B,3
GALNS,3
GALNT1,3
GALNT10,3
GALNT11,3
GALNT12,3
GALNT13,3
GALNT14,3
GALNT15,3
GMPR2,3
CFD,3
FZR1,3
CHKA,3
CHKB,3
CHMP1A,3
POMT2,3
POPDC1,3
WDR41,3
GALNT4,3
GALNT5,3
GAL3ST1,3
GALC,3
GALK2,3
CHAT,3
PPOX,3
PPIP5K2,3
TLR8,3
TMEM258,3
POMT1,3
POLR2B,3
POLR2C,3
PPAT,3
PPBP,3
PPCDC,3
PPCS,3
CHMP6,3
CHMP7,3
MEFV,3
MFNG,3
TNFSF13,3
GMPR,3
TOMM40,3
TOMM40L,3
CDH2,3
POLR2D,3
POLR2G,3
POLR2I,3
POLR2J,3
POLR2J2,3
POLR2J3,3
FRS2,3
FTCD,3
ARAP3,3
TNNC2,3
CDK7,3
MEF2D,3
PPIP5K1,3
SEC22B,3
GNPNAT1,3
MBOAT1,3
WIPF1,3
FUT1,3
FUT2,3
FUT4,3
FPR2,3
FPR3,3
ANK2,3
POLR2A,3
MCAT,3
GNS,3
CDO1,3
CDS1,3
CDS2,3
GNRHR,3
GP1BB,3
GP5,3
GP9,3
GPAM,3
MC4R,3
MARS1,3
MARS2,3
ARHGEF6,3
ARID1A,3
ARID1B,3
USP8,3
UXS1,3
VAMP8,3
VAPB,3
SDR16C5,3
PTAFR,3
PTCH2,3
MBOAT2,3
UROD,3
UROS,3
MKNK1,3
MKNK2,3
MMP13,3
MMP14,3
SGPL1,3
SGPP1,3
SGPP2,3
SGSH,3
FOXO4,3
MC1R,3
MC3R,3
GPAT2,3
GPAT3,3
GPAT4,3
POLE,3
TJP2,3
POLE2,3
POLE4,3
PNOC,3
SHARPIN,3
FMO5,3
MOCS1,3
MOGAT2,3
MOGAT3,3
MOGS,3
MOS,3
CDK5R1,3
GRIK1,3
GRIK2,3
ARNT2,3
MAS1,3
MASP1,3
MASP2,3
PNPO,3
POC1B-GALNT4,3
POLB,3
MPL,3
FMO1,3
FMO2,3
FMO3,3
FMO4,3
SIRT3,3
PSME3,3
PTGES3,3
GRIK3,3
GRIK4,3
CD74,3
GSN,3
SCIN,3
GRIK5,3
GRK1,3
PTGFR,3
PTGIR,3
SCT,3
SCTR,3
CD55,3
GRK4,3
GRK5,3
GRK6,3
PLOD3,3
THRA,3
THRB,3
SLC12A2,3
SLC16A10,3
ANK3,3
CMAS,3
THEM4,3
MRE11,3
PMVK,3
FLAD1,3
SLAMF1,3
SLC10A1,3
TIGAR,3
CKM,3
ASAH2,3
ASMTL,3
ASNS,3
ASPA,3
CD63,3
SARDH,3
SAT1,3
SAT2,3
CD1C,3
TPK1,3
CD22,3
CCR2,3
GRK7,3
ASPDH,3
ARSA,3
ARSB,3
PLK3,3
TFDP1,3
TFE3,3
CD1D,3
CD1E,3
CD2,3
GTF2H2,3
GTF2H2C,3
GTF2H2C_2,3
GTF2H3,3
GTF2H4,3
GTF2B,3
MAN2A1,3
MAN2A2,3
MAP3K10,3
MAP3K2,3
MAGOHB,3
CD1A,3
CD1B,3
S1PR4,3
CNGA1,3
PLD3,3
PLD4,3
ALOX15B,3
ALOXE3,3
AMACR,3
AMD1,3
AMHR2,3
ALG3,3
SLC1A7,3
FECH,3
FEN1,3
SLC18A3,3
MAF,3
MAGT1,3
MAML1,3
ALDH5A1,3
SLC38A2,3
SLC38A3,3
FADS1,3
FBN1,3
SLC27A2,3
ALG11,3
ALG12,3
MAML2,3
MAML3,3
GTF2H1,3
CCR6,3
CCR7,3
SAMHD1,3
ALG13,3
ALG14,3
ALG2,3
ALDH18A1,3
PLA2G15,3
SLC39A8,3
TGDS,3
THBD,3
ALG9,3
ALK,3
PIP5KL1,3
GUCY2C,3
GUCY2F,3
GUK1,3
MADCAM1,3
MTHFD2L,3
MTHFS,3
MTM1,3
MTMR1,3
SLC3A2,3
F2RL1,3
FABP1,3
PKMYT1,3
PKN2,3
PKP2,3
EZH1,3
SLC39A14,3
SLC39A4,3
ALG1,3
ALDH4A1,3
SACM1L,3
SLC5A7,3
SLC6A1,3
SLC6A11,3
SLC6A12,3
SLC6A13,3
MVK,3
MTMR2,3
MTHFD1L,3
MTHFD2,3
AKR1D1,3
SLC6A4,3
TERC,3
COASY,3
ESAM,3
WIPF2,3
WIPF3,3
MYO10,3
TDO2,3
PI4K2A,3
PI4K2B,3
PI4KA,3
MTMR6,3
MTMR7,3
MTMR8,3
ERCC1,3
ERO1A,3
ALAD,3
AK3,3
ESPL1,3
SLC40A1,3
SLC4A4,3
SLC5A1,3
PHKA1,3
PHKA2,3
H6PD,3
HAAO,3
PI4KB,3
PIAS1,3
PIDD1,3
SMCR8,3
SMAD5,3
SMAD9,3
EPHX3,3
TBXAS1,3
MYBPC3,3
AHCY,3
AHCYL1,3
AHCYL2,3
SMOX,3
SMPD2,3
PHOSPHO2,3
MYO6,3
NAPRT,3
SMARCA2,3
SMARCA4,3
SMARCC1,3
SMARCC2,3
SMARCD1,3
SMARCD2,3
SMARCD3,3
SMARCE1,3
NAMPT,3
NANP,3
NANS,3
ATP synthase subunit f,3
MAGI2,3
MAGOH,3
HAL,3
NADK,3
NADK2,3
NADSYN1,3
NAGA,3
TCF3,3
EPAS1,3
EML4,3
ENAH,3
CCNH,3
PHKB,3
PHKG1,3
PHKG2,3
UGT8,3
PTS,3
PTTG1,3
PTTG2,3
COLGALT1,3
COLGALT2,3
COQ2,3
COQ3,3
COQ4,3
COQ5,3
COQ6,3
COQ7,3
SNCA,3
M6PR,3
ATG9A,3
ATG9B,3
HCK,3
TRAF4,3
CCL26,3
CCL27,3
HDAC11,3
NAGK,3
NAGLU,3
AGPS,3
PGLS,3
LPCAT4,3
LTB,3
PYCR1,3
PYCR2,3
PYCR3,3
LRP2,3
LRRC4C,3
RUNX1T1,3
HEPH,3
RAB39B,3
ATG3,3
PGM3,3
TBC1D4,3
TBX21,3
TBXA2R,3
ELANE,3
ELK4,3
PGP,3
NCOA4,3
NCBP2,3
LPCAT1,3
LPCAT2,3
HCFC1,3
EHMT1,3
EHMT2,3
HEPHL1,3
HDAC10,3
CCL8,3
CCL1,3
CCL14,3
CCL15,3
CCL16,3
CCL18,3
RRAGB,3
RRAGC,3
HDAC7,3
HDAC9,3
HGS,3
HGSNAT,3
TRPC3,3
TRPC6,3
CBR4,3
LLGL2,3
LRAT,3
QPRT,3
NCBP2L,3
NCKAP1,3
NCKAP1L,3
EIF2AK1,3
EIF4A3,3
EIF4B,3
EGLN1,3
EGLN2,3
EGLN3,3
EGR3,3
ATP5ME,3
LIPC,3
LIPF,3
LIPG,3
LIPT1,3
LIPT2,3
COX11,3
COX17,3
SORD,3
SORT1,3
EEF1A1,3
EEF1A2,3
LLGL1,3
RRAGD,3
HEXD,3
TRIM25,3
RRAGA,3
ACVR1B,3
ACVR1C,3
EEA1,3
SPAM1,3
E2F4,3
E2F5,3
PGAM5,3
ADK,3
ADPGK,3
CPA3,3
CPB2,3
CPOX,3
ADPRM,3
CCL23,3
CCL24,3
LIAS,3
LIFR,3
ATXN1,3
ATXN1L,3
DUSP6,3
TARDBP,3
ADA2,3
ADAM10,3
ACTG2,3
ACTL6A,3
ACTL6B,3
TRHR,3
HNRNPK,3
HOGA1,3
HMBS,3
HMOX2,3
ATXN2L,3
ATXN3,3
ATXN3L,3
RAD50,3
DYNC2LI1,3
XCL1,3
XCL2,3
XCR1,3
PF4V1,3
PFKFB4,3
RAE1,3
LCT,3
ATP5MF,3
ATP5MG,3
ATP5MGL,3
LFNG,3
B3GAT3,3
B3GNT2,3
B3GNT3,3
B4GALNT1,3
AWAT2,3
RANBP2,3
NECTIN3,3
NECTIN4,3
ACSM1,3
NEO1,3
B3GALNT1,3
RALBP1,3
CBR3,3
CASC3,3
LCLAT1,3
ATXN2,3
HSD17B1,3
HSD17B14,3
HSD17B2,3
B4GALT7,3
RAPGEF6,3
NEU2,3
NEU3,3
SPR,3
DSG2,3
DSP,3
DTYMK,3
NEU4,3
NF1,3
PF4,3
LBR,3
RASA2,3
CAPZA2,3
CAPZA3,3
CAPZB,3
CARD11,3
HPSE,3
PDX1,3
PDXK,3
PDXP,3
PENK,3
SPTAN1,3
DNMT3B,3
DOT1L,3
DPF1,3
HPSE2,3
HSPA4,3
HSD11B2,3
HTR3E,3
HSPB1,3
HTD2,3
KYNU,3
RASGRF1,3
DPF3,3
DPM2,3
NF2,3
ACOT7,3
ACOT8,3
ACP2,3
LAP3,3
B4GALT4,3
B4GALT5,3
TRPV4,3
TSG101,3
RBBP4,3
RBCK1,3
KRT9,3
KRTCAP2,3
KSR1,3
ICAM3,3
PDIA4,3
NFYA,3
NFYB,3
ACHE,3
ACIN1,3
DNM1L,3
DNMT1,3
SRD5A2,3
SRD5A3,3
HTR3D,3
HYAL3,3
HYAL4,3
RBM8A,3
B3GALT4,3
B3GALT5,3
B3GALT6,3
TACR1,3
TACR2,3
TACR3,3
CRPPA,3
NODAL,3
NMNAT1,3
PDE6G,3
PDE7A,3
PDE7B,3
RASGRP4,3
SRSF1,3
SRSF3,3
DKK4,3
DLG2,3
DLG3,3
ACE2,3
ACER1,3
ACER2,3
DMGDH,3
HTR3A,3
HTR3B,3
HTR3C,3
TSPO,3
TTN,3
HYAL1,3
HYAL2,3
KRT27,3
KRT28,3
KRT31,3
NMNAT2,3
NMNAT3,3
DKK1,3
DKK2,3
SRSF7,3
SSBP1,3
NPC1,3
UGCG,3
L1CAM,3
IAPP,3
CAPZA1,3
CALCR,3
SRR,3
CALCA,3
CALCB,3
CACNA1E,3
IFNE,3
KRT14,3
KRT15,3
KRT16,3
RCAN1,3
RCHY1,3
RDH11,3
RDH12,3
RDH13,3
KRT40,3
KRT25,3
KRT26,3
IDNK,3
KPNA3,3
KPNA4,3
KRT32,3
KRT33A,3
KRT33B,3
KRT34,3
KRT35,3
KRT36,3
KRT37,3
KRT38,3
KRT39,3
KRT10,3
KRT12,3
KRT13,3
IDS,3
IDUA,3
IL17RA,3
IL17RC,3
IGSF5,3
IL11RA,3
IFNK,3
CA4,3
PDE5A,3
PDE6A,3
PDE6B,3
DERL1,3
DHODH,3
DHRS3,3
DHRS4,3
SSTR3,3
IGF2R,3
KPNA2,3
REL,3
REN,3
KLRC1,3
IFNW1,3
C9orf72,3
C1GALT1,3
C1GALT1C1,3
C1GALT1C1L,3
KRT17,3
KRT18,3
KRT19,3
KRT20,3
KRT23,3
KRT24,3
KMT2D,3
IL17D,3
DEGS1,3
DEGS2,3
SYNJ1,3
BCO1,3
BST2,3
BTD,3
BUB1,3
IL27,3
IL27RA,3
IL18RAP,3
IL19,3
IL13RA1,3
KMO,3
KPNA5,3
KPNA6,3
KPNA7,3
KIR2DL5A,3
IL20,3
IL20RA,3
IL20RB,3
IL22RA1,3
KIR3DL1,3
KIR3DL2,3
KLRD1,3
XYLT1,3
XYLT2,3
DEFA1,3
DEFA1B,3
DEFA3,3
DGUOK,3
DHDH,3
DEFB4B,3
IL24,3
IMPA1,3
RGS2,3
KLF2,3
KIR2DL1,3
KIR2DL2,3
DGAT2,3
ST20-MTHFS,3
ST6GAL1,3
ST6GAL2,3
DDX5,3
ABO,3
NPY1R,3
PCYT2,3
KIR2DL3,3
KIR2DL4,3
PDCD6IP,3
PATJ,3
UBE3A,3
BCL6,3
RHOG,3
TUSC3,3
TXNRD1,3
TXNRD2,3
TXNRD3,3
BPNT2,3
RIMS1,3
RFK,3
RFNG,3
RFX5,3
RFXANK,3
RFXAP,3
IL9,3
IL9R,3
INPP5E,3
INPP5F,3
IMPA2,3
INHBA,3
INHBB,3
INHBC,3
PDCD1,3
ST6GALNAC3,3
ST6GALNAC4,3
DEFA4,3
DEFA5,3
DEFA6,3
DEFB4A,3
DCTPP1,3
IP6K3,3
IPMK,3
IPPK,3
INPP1,3
INPP4A,3
KCNK3,3
PCBP1,3
SYNJ2,3
DDX39B,3
DDX3X,3
DCN,3
DCT,3
DCTD,3
KCNMB1,3
KCNU1,3
KDSR,3
DAPK3,3
NSD2,3
NUP153,3
ZBTB16,3
NSF,3
NT5C3A,3
NT5C3B,3
SULT2A1,3
NRG1,3
UBE2L6,3
KCNMB3,3
KCNMB4,3
INHBE,3
INMT,3
IP6K1,3
IP6K2,3
RNF31,3
KCNJ11,3
BRK1,3
BMP5,3
INPP4B,3
ABCC5,3
ABCC8,3
SUFU,3
DAPK1,3
INPP5B,3
KCNMB2,3
UBA7,3
UBE2L3,3
NRG2,3
CYP8B1,3
DAPK2,3
NUP98,3
CXCL13,3
CXCL14,3
CYP2S1,3
CYP2U1,3
STK3,3
PALS1,3
OCRL,3
PANK1,3
PANK2,3
PANK3,3
NUDT12,3
NUDT13,3
NUDT2,3
CUL4A,3
CTNND1,3
OSTCP2,3
P2RY12,3
AACS,3
P2RY4,3
P2RY6,3
P2RX5,3
P2RX6,3
P2RX7,3
P2RX4,3
UBA1,3
ITK,3
BPGM,3
TYR,3
TYRP1,3
ITPK1,3
KAT5,3
VIM,3
VIP,3
VIPR2,3
VKORC1,3
CHMP1B,3
GDA,3
SESN2,3
VKORC1L1,3
keratin,3
OSM,3
OSMR,3
OSTC,3
beta-defensin 4A,3
glycerol-3-phosphate acyltransferase 2,3
BIRC6,3
CUL4B,3
putative speedy protein E9,2
28S ribosomal RNA,2
40S ribosomal protein S8-like,2
5.8S ribosomal RNA,2
P2RY11,2
P2RY13,2
P2RY14,2
P4HA1,2
P4HA2,2
PABPC1L2A,2
CTSZ,2
CTSW,2
CTSV,2
CTSO,2
CTSH,2
ABCA12,2
AASS,2
ZFYVE9,2
ZFYVE16,2
ZFYVE1,2
ZFP36,2
ABCG1,2
ABCD3,2
ABCD2,2
PABPC4,2
JARID2,2
ISYNA1,2
IST1,2
BMAL1,2
BLVRA,2
RPL10,2
JAML,2
ROBO3,2
ROBO2,2
ROBO1,2
RNPS1,2
KCNJ4,2
U2AF1,2
TYROBP,2
TYRO3,2
IRGM,2
RPL10A,2
RPE65,2
BORCS8-MEF2B,2
BOC,2
BRIP1,2
RPL19,2
RPL18A,2
RPL18,2
KCNJ14,2
KCNJ12,2
KCNJ10,2
KCNJ1,2
RNF7,2
RNF103-CHMP3,2
KCNN3,2
KCNN1,2
RNA5S15,2
RNA5S14,2
UBE2N,2
KCNJ18,2
KCNJ17,2
RPL17-C18orf32,2
RPL17,2
RPL15,2
RPL14,2
RPL13A,2
RPL13,2
RPL12,2
RPL11,2
IRAK2,2
IRAG1,2
RPL10L,2
KCNK5,2
RPL23A,2
RPL23,2
RPL22L1,2
RPL22,2
RPL21,2
RNA5S9,2
RNA5S8,2
RNA5S7,2
RNA5S6,2
RNA5S5,2
RNA5S4,2
RNA5S3,2
RNA5S2,2
RNA5S17,2
RNA5S16,2
RLN1,2
RNA5S13,2
KCNQ3,2
KCNQ2,2
RNA5S12,2
RNA5S11,2
RNA5S10,2
RNA5S1,2
RNA5-8SN5,2
RNA5-8SN4,2
RNA5-8SN3,2
RNA5-8SN2,2
RNA5-8SN1,2
RNA28SN5,2
RNA28SN4,2
RNA28SN3,2
RNA28SN1,2
RNA18SN5,2
INSRR,2
INSL5,2
INSL3,2
INPP5K,2
INPP5J,2
RNA18SN4,2
KHK,2
KIF23,2
KIF22,2
RNA18SN3,2
RNA18SN2,2
RNA18SN1,2
RLN3,2
RLN2,2
TXNDC12,2
TUBG2,2
TUBG1,2
BUB3,2
RPL36,2
RPL35A,2
RPL35,2
RILP,2
RHOH,2
BCL3,2
BCL2L2-PABPN1,2
BCL2L13,2
UBE2NL,2
BDH1,2
KIF3A,2
RNA28SN2,2
RPL30,2
RPL3,2
RPL29,2
RPL28,2
RPL27A,2
RPL27,2
RPL26L1,2
RPL26,2
RPL24,2
IL25,2
RGMA,2
KIR3DS1,2
KIR3DL3,2
RIMKLB,2
RIMKLA,2
BPNT1,2
IL34,2
IL31RA,2
IL31,2
RPL36A,2
C4BPA,2
KIR2DS4,2
KIR2DS3,2
KIR2DS2,2
KIR2DS1,2
KLF4,2
KISS1R,2
KISS1,2
RGS9,2
RPL34,2
RPL32,2
RPL31,2
BUB1B,2
IL26,2
IL17C,2
IL17B,2
KLRK1,2
BCAP31,2
BBOX1,2
UBR4,2
UBQLN4,2
UBQLN3,2
UBQLN2,2
UBQLN1,2
UBE4B,2
BCR,2
KIR2DS5,2
IL37,2
CA14,2
CA13,2
CA12,2
CA1,2
C8orf44-SGK3,2
C4BPB,2
IFNLR1,2
IFNL3,2
KLK3,2
KLK2,2
KLK1,2
REV3L,2
REST,2
RENBP,2
KPNB1,2
KMT2B,2
RPL38,2
IFNL2,2
IFNL1,2
IHH,2
IL17RE,2
IL17RB,2
CA3,2
KMT5C,2
KMT5B,2
KMT5A,2
KMT2E,2
KMT2C,2
KLRC4-KLRK1,2
KLRC3,2
KLRC2,2
IL13RA2,2
CADM3,2
CADM1,2
IFI16,2
KRIT1,2
IGBP1,2
CAB39L,2
CAB39,2
CA9,2
CA8,2
CA7,2
CA6,2
CA5B,2
CA5A,2
IFT57,2
RPL3L,2
RPL39,2
RPL8,2
RPL7A,2
RPL7,2
RPL6,2
RPL5,2
RPL41,2
RPL4,2
IDE,2
RDH8,2
RDH5,2
RDH16,2
RDH10,2
RPL37A,2
RPL37,2
RPL36AL,2
RPL36A-HNRNPH2,2
CAMKMT,2
TSLP,2
ID4,2
ID3,2
ICOSLG,2
ICOS ligand,2
CALCRL,2
HYKK,2
L2HGDH,2
UCN3,2
UCN2,2
UCN,2
UCHL1,2
IDI2,2
RPLP0,2
RPL9,2
HSD3B7,2
RPS14,2
RPS13,2
RPS12,2
RPS11,2
RPS10-NUDT3,2
RPS10,2
RPLP2,2
RPLP1,2
RBBP7,2
RASSF6,2
B3GALT2,2
RBKS,2
HYI,2
HUWE1,2
IDI1,2
CARNMT1,2
TRRAP,2
TRPV6,2
TRPV5,2
RPS15A,2
RPS15,2
B4GALNT4,2
B4GALNT3,2
BAMBI,2
LALBA,2
L3HYPDH,2
LANCL1,2
LAMTOR3,2
RASGRF2,2
HSPA9,2
HTT,2
B4GALNT2,2
B3GNT6,2
B3GNT5,2
B3GNT4,2
RASD1,2
LCAT,2
LATS2,2
LATS1,2
LARGE2,2
LARGE1,2
RAPGEF5,2
B4GAT1,2
B4GALT6,2
HSD17B3,2
HSD17B11,2
HSPA2,2
RPS27L,2
RPS27,2
RPS26,2
RPS25,2
RPS24,2
RPS23,2
RPS21,2
RPS20,2
RPS2,2
RPS19,2
RPS18,2
RPS17,2
RPS16,2
HOMER3,2
HOMER2,2
HOMER1,2
HRC,2
HNRNPA1L3,2
HNRNPA1L2,2
HNRNPA1,2
RAMP3,2
RAMP2,2
RAMP1,2
RAG2,2
RAG1,2
LEFTY2,2
LEFTY1,2
LDLRAP1,2
B3GALT1,2
B3GALNT2,2
AZIN2,2
RANBP1,2
RAB9B,2
RAB9A,2
AXL,2
LDHD,2
RAD51C,2
RAD23B,2
RAD23A,2
AURKA,2
AUH,2
B3GAT2,2
B3GAT1,2
HRH3,2
TRPV2,2
TRPV1,2
CASP6,2
CASP5,2
RPS6KA4,2
RPS5,2
RPS4Y2,2
RPS4Y1,2
RPS4X,2
RPS3A,2
RPS29,2
RPS28,2
HPGD,2
HOXD10,2
CBX3,2
HNF4A,2
ATP7A,2
AURKB,2
LGMN,2
RACK1,2
HLCS,2
HNRNPA3,2
TRH,2
LIMD1,2
LILRB5,2
LILRB4,2
LILRB3,2
LILRB2,2
LILRB1,2
LILRA6,2
LILRA5,2
LILRA4,2
ATP12A,2
LILRA3,2
ATP7B,2
HNMT,2
TRPC5,2
TRPC4,2
TRIM5,2
LMO7,2
LMNB2,2
LMNB1,2
LMBRD1,2
RAB3A,2
HIP1,2
CBLIF,2
CBLC,2
CASR,2
CASQ2,2
CCDC6,2
RPSA2,2
HMGA2,2
HHEX,2
HGD,2
CCN2,2
RAB10,2
QRSL1,2
QDPR,2
QARS1,2
PYM1,2
LPO,2
LILRA2,2
LILRA1,2
RPSA,2
RPS9,2
RPS8,2
RPS7,2
TRPM2,2
LSS,2
LPCAT3,2
TREH,2
TRDN,2
TRAP1,2
TRAF3IP2,2
ATG4D,2
ATG4C,2
ATG4B,2
ATG4A,2
UNC5B,2
UNC5A,2
RAB14,2
RSL24D1,2
RSAD2,2
HIBADH,2
RXFP4,2
RXFP3,2
RXFP2,2
RXFP1,2
RUVBL1,2
RUNX3,2
RUNX2,2
HDDC3,2
HDC,2
HAVCR1,2
HAT1,2
LRRC4B,2
LRRC4,2
PVR,2
LTB4R2,2
LTA4H,2
LSP1,2
LSM8,2
LSM7,2
LSM6,2
LSM5,2
LSM4,2
LSM3,2
LSM2,2
LYPLA1,2
LTC4S,2
PTPRZ1,2
PTPRS,2
LRRK2,2
HCCS,2
RYK,2
RXYLT1,2
CCNG1,2
HBA1,2
HAMP,2
S100A8,2
S100A7A,2
S100A7,2
S100A10,2
HCRTR2,2
HCRTR1,2
HCRT,2
HCN4,2
HCN2,2
PTPRD,2
ATG10,2
ATF1,2
MAG,2
S1PR2,2
S100A9,2
HAGH,2
PTPA,2
PTHLH,2
MANBA,2
MAN2B1,2
PTPRM,2
PTPRJ,2
HBS1L,2
HBB,2
HBA2,2
TRA2B,2
CCNT2,2
CCNT1,2
CCNG2,2
GTF2H5,2
SAP18,2
S1PR5,2
S1PR3,2
CCS,2
GTF2E2,2
GTF2E1,2
UPF1,2
UNG,2
UNC5D,2
UNC5C,2
MAFA,2
GYPA,2
GYG2,2
GYG1,2
SAMD8,2
CD47,2
SC5D,2
SAV1,2
SARM1,2
SAR1B,2
SAR1A,2
GRPR,2
ASMT,2
ASIC2,2
MAP3K4,2
MAP3K11,2
GTF2A2,2
GTF2A1L,2
GTF2A1,2
GSTZ1,2
GTF2I,2
CD34,2
CD2AP,2
CD79A,2
TOP3A,2
PTGES2,2
PTGES,2
ARTN,2
UPF3B,2
UPF3A,2
UPF2,2
ASRGL1,2
ASPH,2
CD274,2
CD244,2
CD24,2
CD226,2
CD58,2
CD48,2
TRA2A,2
ASGR1,2
ASAP3,2
ASAP2,2
ASAP1,2
PTGDS,2
PTDSS2,2
MARCKSL1,2
MARCKS,2
MAPKAPK3,2
PTDSS1,2
PTGIS,2
SCNN1A,2
SCLY,2
CD99L2,2
CD99,2
CD9,2
TPCN2,2
TP53AIP1,2
TOP3B,2
GPD2,2
GPD1L,2
PSTK,2
PSPN,2
PSME2,2
PSME1,2
ARID2,2
ASH1L,2
GRID2,2
CD59,2
GPR119,2
GPLD1,2
GPHB5,2
GPHA2,2
ARHGDIG,2
ARHGDIB,2
ARHGDIA,2
ARHGAP5,2
UROC1,2
URAD,2
PTCRA,2
SDC3,2
CDCA5,2
CDC6,2
SCNN1G,2
SCNN1B,2
GNPDA1,2
SEC24D,2
SEC24C,2
SEC24B,2
SEC24A,2
GPD1,2
GPCPD1,2
GPC1,2
GNPAT,2
VAMP3,2
VAC14,2
ARHGEF7,2
ARHGEF26,2
GPAA1,2
GP6,2
GPR37,2
TNPO3,2
TNNT3,2
CDKN2D,2
TNFRSF17,2
CFH,2
MCM5,2
MCM4,2
MCM3,2
MCM2,2
MCHR2,2
MCHR1,2
MCCC2,2
MCCC1,2
MC5R,2
MBLAC2,2
GNPDA2,2
GNAT3,2
CDK9,2
TNNT1,2
TNNI2,2
TNNI1,2
MDM4,2
MEF2B,2
MED1,2
VCAN,2
AQP9,2
AQP7B,2
AQP7,2
AQP4,2
MCOLN1,2
MCM7,2
MCM6,2
GLRB,2
CELA3B,2
CELA3A,2
CELA2B,2
CELA2A,2
CEBPE,2
TNFRSF10C,2
GLRA3,2
GLRA1,2
APOBEC3F,2
APOBEC3D,2
APOBEC3C,2
MEN1,2
MEIS1,2
ME2,2
GM2A,2
TNFRSF11B,2
TNFRSF10D,2
GGPS1,2
PSAP,2
PRXL2B,2
PRUNE1,2
MGRN1,2
MGAT5,2
MGAT3,2
APOC3,2
APOBEC3H,2
APOBEC3G,2
GLO1,2
SELENBP1,2
SEC63,2
SEC62,2
APH1B,2
APH1A,2
APELA,2
MICB,2
MICA,2
PRPH,2
PSENEN,2
PSAPL1,2
GGCT,2
GLCE,2
GJA1,2
GIT2,2
SEPTIN5,2
SEPTIN4,2
SEPTIN3,2
CERK,2
PRPF19,2
PROS1,2
SEPTIN2,2
SEPTIN12,2
SEPTIN11,2
SEPHS2,2
SEPHS1,2
SENP2,2
GCNT3,2
GCNT2,2
GCNT1,2
APOBEC3A,2
APOA2,2
APLNR,2
APLN,2
APIP,2
PRODH2,2
SERPINB5,2
SEPTIN9,2
SEPTIN8,2
SEPTIN6,2
GDPD3,2
GDPD1,2
SETD1B,2
SETD1A,2
SESN3,2
PRODH,2
PRMT1,2
PRLHR,2
PRLH,2
PRKDC,2
VNN2,2
SERPING1,2
CHAC2,2
CHAC1,2
CH25H,2
CFI,2
GCNT4,2
GAST,2
GAS6,2
VIPR1,2
APOBEC3B,2
APOBEC3A_B,2
PRKCH,2
MIR141,2
PREX1,2
PRDX6,2
APOE,2
GCAT,2
GBGT1,2
GBE1,2
SETMAR,2
SETDB2,2
SETD2,2
PRDM2,2
PRCP,2
PRCC,2
AP1S3,2
AP1S2,2
AP1S1,2
AP1M2,2
VNN1,2
VLDLR,2
SESN1,2
AP1G1,2
CHPF2,2
CHPF,2
CHMP2A,2
TMLHE,2
TMEM86B,2
AP1B1,2
APBB1IP,2
MIR21,2
PRDM9,2
PRDM7,2
PRDM6,2
GAPDHS,2
GBA3,2
GATC,2
GATB,2
SFTPA2,2
SFTPA1,2
CHIT1,2
CHIA,2
SGK3,2
PPP1R3C,2
PPP1R3B,2
PPP1R3A,2
MIR29C,2
MIR29B2,2
MIR29B1,2
MIR29A,2
PPP1R1A,2
PPP1R13L,2
AP1M1,2
AP1G2,2
POLR3B,2
SGK2,2
CHMP5,2
CHMP4C,2
CHMP3,2
TLE1,2
PPIA,2
POU2F3,2
POU2F2,2
POU2F1,2
POPDC3,2
POPDC2,2
PPP1R3E,2
PPP1R3D,2
TMEM86A,2
CHRNA9,2
CHRNA1,2
TM7SF2,2
FURIN,2
FUCA2,2
POMGNT1,2
POM121L2,2
POM121C,2
POM121,2
POLR3K,2
POLR3H,2
POLR3GL,2
POLR3G,2
POLR3F,2
POLR3E,2
POLR3D,2
POLR3C,2
POLR3A,2
POLR2M,2
FUCA1,2
FTMT,2
TLR1,2
CHST10,2
TLE7,2
TLE6,2
TLE4,2
TLE3,2
TLE2,2
FRMD6,2
MIR98,2
POMK,2
POMGNT2,2
FYB1,2
FRMD1,2
FREM2,2
FREM1,2
FRAS1,2
FUT7,2
FUT6,2
FUT5,2
FUT3,2
FOXP3,2
FOXO6,2
ANGPTL4,2
WEE2,2
WEE1,2
WDR5B,2
WDR5,2
POLR1C,2
MMP16,2
POLL,2
POLH,2
MIRLET7I,2
MIRLET7G,2
MIRLET7F2,2
MIRLET7F1,2
MIRLET7E,2
MIRLET7D,2
MIRLET7C,2
MIRLET7B,2
MIRLET7A3,2
MIRLET7A2,2
MIRLET7A1,2
MMACHC,2
POLR1D,2
FLNB,2
SIPA1,2
FOXA2,2
SH2D1B,2
SH2D1A,2
SH2B2,2
SGO1,2
CHSY1,2
CHST9,2
CHST8,2
MLNR,2
MLN,2
MLLT3,2
MLLT1,2
MNAT1,2
MMP7,2
CKB,2
CISH,2
CIRSR,2
CHSY3,2
FKRP,2
SIRT7,2
MOGAT1,2
MOCOS,2
MOB1B,2
MLXIPL,2
MLXIP,2
MLX,2
CLCF1,2
CLCA4,2
CLCA2,2
SH3GLB1,2
MOB1A,2
MPPE1,2
SIRT5,2
SIRT4,2
SIRT2,2
SIRPG,2
SIRPB1,2
SIRPA,2
CKMT2,2
CKMT1B,2
CKMT1A,2
MPDZ,2
PNPLA4,2
PNPLA3,2
SIGMAR1,2
SHPK,2
FDFT1,2
TIMP3,2
TIGIT,2
THTPA,2
SKIL,2
FLCN,2
FKTN,2
THOC3,2
THOC2,2
THOC1,2
PMS2,2
MRI1,2
MRC2,2
MRC1,2
MRAP,2
MPZ,2
PMCH,2
PLXNA4,2
PLXNA3,2
AMPH,2
PNN,2
PNMT,2
PNLIPRP3,2
THEM5,2
CLEC4E,2
CMA1,2
FHL2,2
FHL1,2
FGGY,2
CLCA1,2
CKS2,2
CKS1B,2
CLOCK,2
THOP1,2
THOC7,2
THOC6,2
THOC5,2
CNTNAP2,2
CNTNAP1,2
CNTN2,2
PLXNA1,2
PLTP,2
PLPP5,2
PLPP4,2
PLOD2,2
PLOD1,2
PLEKHM1,2
PLEC,2
CNTFR,2
CNTF,2
FCER2,2
FCAR,2
FBXO5,2
FERMT3,2
SLC1A5,2
PLCH1,2
ALG5,2
AMOT,2
AMFR,2
AMDHD2,2
AMDHD1,2
ALS2,2
PLXNA2,2
SLC16A2,2
SLC26A6,2
FBXO2,2
SLC26A3,2
SLC22A8,2
SLC22A1,2
PLAUR,2
PLA2R1,2
PLA2G7,2
MRPS18B,2
ALLC,2
PLCH2,2
CNGA4,2
CNGA3,2
CNGA2,2
FARP2,2
CNTN1,2
SLC34A1,2
SLC33A1,2
SLC31A1,2
FAU,2
TG,2
TFG,2
TFEB,2
SLC39A7,2
SLC39A6,2
ALG6,2
MSMO1,2
ALDH1A1,2
ALG10B,2
FANCL,2
SLC27A6,2
SLC26A9,2
SLC39A5,2
SLC39A3,2
SLC39A2,2
SLC39A13,2
SLC39A12,2
SLC39A11,2
SLC39A10,2
SLC39A1,2
FAHD1,2
FAH,2
PLA1A,2
PISD,2
ALG8,2
SLC38A1,2
SLC34A3,2
SLC34A2,2
EXTL1,2
EXT2,2
EXT1,2
FABP4,2
FABP2,2
F3,2
F2RL2,2
SLC39A9,2
F13B,2
TFAM,2
PIM2,2
PILRB,2
PILRA,2
ALDH1L2,2
ALG10,2
ALDH8A1,2
ESD,2
COL17A1,2
COL11A2,2
COL11A1,2
TELO2,2
TEC,2
TEAD4,2
TEAD3,2
F13A1,2
EXOC2,2
SLC6A5,2
MTFMT,2
MTAP,2
PIN1,2
EXTL3,2
EXTL2,2
PIGK,2
MYH13,2
PIK3AP1,2
MTNR1B,2
MTNR1A,2
MVD,2
MUS81,2
MUC5B,2
MUC5AC,2
MUC2,2
ALDH1L1,2
ALDH1A3,2
ALDH1A2,2
SLC6A2,2
SLC6A19,2
SLC45A3,2
SLC7A5,2
SLC6A9,2
EXOC7,2
ERCC2,2
ERC1,2
PIGW,2
PIGV,2
PIGU,2
PIGT,2
PIGS,2
PIGQ,2
PIGP,2
PIGO,2
PIGN,2
PIGM,2
PIGL,2
AIFM1,2
AICDA,2
MYH1,2
AJUBA,2
AIRE,2
AIPL1,2
PIGZ,2
PIGY,2
PIGX,2
ERG,2
ETV5,2
ETS2,2
ETNPPL,2
ETNK2,2
ETNK1,2
ETHE1,2
MYO1G,2
MYO1F,2
MYO1E,2
MYO1D,2
MYO1C,2
MYO1B,2
MYO1A,2
MYL1,2
MYH8,2
MYH7B,2
MYH4,2
MYH3,2
MYH2,2
MYH15,2
AIP,2
AIM2,2
SLITRK3,2
SLITRK2,2
SLITRK1,2
SLIT3,2
SLIT2,2
SLIT1,2
SLCO1C1,2
SLCO1B3-SLCO1B7,2
SLCO1B3,2
SLCO1B1,2
COL27A1,2
COL24A1,2
MYO5C,2
MYO5B,2
MYO5A,2
MYO1H,2
EPHX4,2
SMAD7,2
ERCC8,2
ERCC4,2
ERCC3,2
SMC3,2
PIGC,2
PIGB,2
PIGA,2
PIAS3,2
PIAS2,2
PHYKPL,2
AKAP13,2
SLITRK6,2
SLITRK5,2
SLITRK4,2
SMPD4,2
SMPD3,2
SMYD2,2
SMYD1,2
ENOSF1,2
PHF10,2
NANOGP8,2
NANOG,2
PIGH,2
PIGG,2
PIGF,2
SMC1B,2
SMC1A,2
TEAD2,2
TEAD1,2
COL7A1,2
COL5A3,2
COL5A2,2
COL5A1,2
TCN2,2
SNAP25,2
SNAP23,2
SNAI2,2
NBR1,2
NBN,2
NAT8L,2
NAT8,2
PHOSPHO1,2
ENPP7,2
ENPP6,2
ENPP4,2
ENPP2,2
SNRPD3,2
SNRPD1,2
EME1,2
PGM2L1,2
NCOA2,2
AGRP,2
AGRN,2
ELN,2
SNRPB,2
SNCAIP,2
SNAP29,2
SOCS5,2
SMYD3,2
CORO1A,2
COP1,2
ENOPH1,2
SOST,2
EDAR,2
SOCS7,2
SOCS6,2
CPA1,2
CP,2
EEF2K,2
AGK,2
NDC1,2
NCSTN,2
NCOR2,2
PGS1,2
SOAT2,2
SOAT1,2
ELAVL1,2
SNU13,2
ADI1,2
NDST4,2
WWTR1,2
ADGRB1,2
PGAP4,2
PGAP3,2
PGAP2,2
PGAP1,2
WWP1,2
WWC1,2
WTIP,2
AGMAT,2
AGL,2
EEF2,2
SP100,2
SOX2,2
EDA2R,2
EDA,2
CPEB4,2
CPEB3,2
CPEB2,2
CPEB1,2
CPB1,2
CPA2,2
ECHDC1,2
EBP,2
EBI3,2
AGAP2,2
AGA,2
ADO,2
ADM2,2
ADM,2
DUSP7,2
DUSP5,2
SPDYE14,2
SPDYE13,2
SPDYE12,2
SPDYE11,2
SPDYE10,2
SPDYE1,2
SPDYC,2
SPDYA,2
NDST3,2
NDST2,2
NDST1,2
XRN2,2
XRN1,2
XPA,2
SPDYE9,2
SPDYE8,2
SPDYE6,2
NEFM,2
NEFL,2
NEFH,2
ACTN3,2
ACTN2,2
ECI2,2
CPSF7,2
CPSF6,2
CPSF4L,2
CPSF4,2
TAX1BP1,2
TAS1R3,2
TAS1R2,2
SPDYE21,2
SPDYE2,2
SPDYE18,2
SPDYE17,2
SPDYE16,2
SPDYE15,2
DUSP9,2
DUSP8,2
PFAS,2
DUSP4,2
DUSP2,2
DUSP16,2
DYNLT3,2
DYNLT1,2
DYNLRB2,2
DYNLRB1,2
DSPP,2
DSG1,2
SPINT1,2
SPG11,2
ACSM6,2
ACSM5,2
ACSM4,2
ACSM3,2
ACSM2B,2
ACSM2A,2
ACYP2,2
ACYP1,2
SPDYE5,2
SPDYE4,2
SPDYE3,2
SPDYE2B,2
SPTBN1,2
DSEL,2
DSE,2
DSC2,2
CRB3,2
DROSHA,2
DNASE2B,2
DNASE2,2
PER3,2
PER1,2
PEMT,2
PEDS1-UBE2V1,2
PEDS1,2
NFYC,2
DPP4,2
DPM3,2
ACKR3,2
ACER3,2
PDK1,2
NLGN4Y,2
ACOT12,2
NFASC,2
DNAJC3,2
DPM1,2
DPAGT1,2
DOLPP1,2
DOLK,2
DNTT,2
SRGAP3,2
SRGAP2,2
SPTBN5,2
SPTBN4,2
TAC1,2
SRGAP1,2
SRD5A1,2
SQOR,2
SQLE,2
CRYL1,2
CRYAB,2
NLGN3,2
NLGN2,2
NLGN1,2
NKX3-1,2
NKD2,2
NKD1,2
NIT2,2
ACLY,2
ACKR4,2
DMP1,2
DNAJB1,2
DIABLO,2
PDE9A,2
PDE6H,2
NMD3,2
ACTA1,2
ACSS3,2
NLGN4X,2
CRLS1,2
CRLF2,2
TAF4B,2
TAF4,2
TAF15,2
TAC4,2
TAC3,2
DIO1,2
DIAPH3,2
DIAPH2,2
SSX2IP,2
NNMT,2
NMRK2,2
NMRK1,2
ACAD8,2
ACMSD,2
SRSF6,2
SRSF5,2
SRSF4,2
SRSF2,2
SRRM1,2
SSH3,2
SSH2,2
PDE6C,2
SSTR4,2
DHRSX,2
DHRS9,2
DHRS4L2,2
DERA,2
NPNT,2
NPL,2
NPC2,2
NNT,2
SSH1,2
SS18L1,2
SS18,2
SRSF9,2
SRSF8,2
DIO2,2
DDX19A,2
DEPTOR,2
DHCR7,2
DHCR24,2
DGLUCY,2
CSK,2
CSGALNACT2,2
CSGALNACT1,2
ABI1,2
ABHD5,2
ABHD16A,2
YKT6,2
YAP1,2
XYLB,2
NOP56,2
PDE6D,2
DEFB103A,2
DEFB1,2
ST6GALNAC2,2
NR5A1,2
NR4A2,2
NR1H2,2
PCGF6,2
PCGF5,2
PCGF3,2
PCGF2,2
ST6GALNAC1,2
ST3GAL6,2
ST3GAL5,2
ST3GAL4,2
ST14,2
SYMPK,2
DCLRE1C,2
DDX19B,2
CSE1L,2
SYVN1,2
ST6GALNAC6,2
ST6GALNAC5,2
PCBD2,2
PCBD1,2
PBRM1,2
PAX6,2
NRTN,2
NRP2,2
NRG4,2
PDCD4,2
DCXR,2
DEFB103B,2
NRG3,2
CTF1,2
SUV39H2,2
SUV39H1,2
SUOX,2
SUMO4,2
SUMO3,2
SUMO2,2
SUMO1,2
SULT2B1,2
SULT1E1,2
NRF1,2
NRCAM,2
NSDHL,2
NSD3,2
PCGF1,2
DBH,2
STAM2,2
STAM,2
ST8SIA5,2
CYSLTR1,2
CYP7B1,2
PARVB,2
PARVA,2
PARP4,2
PARP3,2
PARP2,2
PARK7,2
NTSR1,2
NTNG2,2
NTNG1,2
NTN1,2
CYP4F8,2
CYP4F3,2
CYP4F2,2
DAGLB,2
DAGLA,2
DAB2IP,2
DAAM2,2
DAAM1,2
ABCD1,2
ZBP1,2
YY2,2
YY1,2
NSD1,2
PARVG,2
STIM1,2
STEAP3,2
NUP107,2
NUDT9,2
CTSF,2
CTSC,2
CTSA,2
CTRL,2
CTRB2,2
CTRB1,2
CUL3,2
CYSLTR2,2
STUB1,2
NUDT5,2
PANX1,2
NUP85,2
NUP62,2
CYP51A1,2
STMN1,2
CYP2W1,2
CYP2R1,2
CYP2F1,2
CXCL16,2
NUP43,2
NUP37,2
NUP35,2
NUP214,2
NUP210L,2
NUP210,2
NUP205,2
NUP188,2
NUP160,2
NUP155,2
NUP133,2
PABPC4L,2
NUP93,2
NUP88,2
ONECUT1,2
OLAH,2
OGFRL1,2
OGFR,2
OAT,2
PALB2,2
PAICS,2
NUP58,2
NUP54,2
NUP50,2
STS,2
STRADB,2
STRADA,2
PAFAH2,2
PAFAH1B3,2
CYP2A13,2
CYP26C1,2
CYP26B1,2
CYP26A1,2
STX18,2
STX17,2
CXCR6,2
PAFAH1B2,2
OPLAH,2
OPA1,2
PAFAH1B1,2
PABPN1L,2
PABPN1,2
PABPC5,2
P4HA3,2
A3GALT2,2
18S ribosomal RNA,2
5S ribosomal RNA,2
ZYX,2
ABCB9,2
ABCB4,2
AASDHPPT,2
AANAT,2
CUL5,2
STX4,2
STX3,2
STX2,2
STX1B,2
PABPC3,2
PABPC1L2B,2
ITGAE,2
ITGAD,2
IVD,2
BRD7,2
BRCC3,2
BIN1,2
BMP15,2
BLM,2
U2AF1L5,2
U2AF1L4,2
beta-defensin 103A,2
leukocyte immunoglobulin-like receptor subfamily B member 3,2
killer cell immunoglobulin-like receptor 3DS1-like,2
ABCA2,2
PABPC1L,2
PABPC1,2
A2M,1
AARS1,1
AARS2,1
ABCA10,1
ABCA13,1
ABCA3,1
ABCA4,1
ABCA5,1
hornerin,1
metallothionein-1E-like,1
mitochondrial import receptor subunit TOM7 homolog,1
olfactory receptor 2A1/2A42,1
olfactory receptor 2A7,1
ABCB8,1
ABCB7,1
ABCB6,1
ABCB5,1
ABCB10,1
ABCA9,1
ABCA8,1
ABCA7,1
ABCA6,1
ZNF143,1
ZMPSTE24,1
ZMAT3,1
ZMAT2,1
ZIC3,1
ZFYVE27,1
ZFPM2,1
OR1L1,1
OR1K1,1
OR1J4,1
OR1J2,1
OR1J1,1
OR1I1,1
OR1G1,1
OR1F1,1
OR1E2,1
OR1E1,1
OR1D5,1
OR1D4,1
OR1D2,1
OR1C1,1
OR1B1,1
OR1A2,1
OR2A25,1
OR2A2,1
OR2A14,1
OR2A12,1
OR2A1,1
OR1S2,1
OR1S1,1
OR1R1,1
OR1Q1,1
OR1N2,1
OR1N1,1
OR1M1,1
OR1L8,1
OR1L6,1
OR1L4,1
OR1L3,1
OR2B8,1
OR2B6,1
OR2B3,1
OR2B2,1
OR2B11,1
OR2AT4,1
OR2AP1,1
OR2AK2,1
OR2AJ1,1
OR2AG2,1
OR2AG1,1
OR2AE1,1
OR2A7,1
OR2A5,1
OR2A42,1
OR2A4,1
OR2L13,1
OR2K2,1
OR2J3,1
OR2J2,1
OR2J1,1
OR2H2,1
OR2H1,1
OR2G6,1
OR2G3,1
OR2G2,1
OR2F2,1
OR2F1,1
OR2D3,1
OR2D2,1
OR2C3,1
OR2C1,1
OR2T27,1
OR2T2,1
OR2T12,1
OR2T11,1
OR2T10,1
OR2T1,1
OR2S2,1
OR2M7,1
OR2M5,1
OR2M4,1
OR2M3,1
OR2M2,1
OR2L8,1
OR2L5,1
OR2L3,1
OR2L2,1
OR2Z1,1
OR2Y1,1
OR2W3,1
OR2W1,1
OR2V2,1
OR2V1,1
OR2T8,1
OR2T7,1
OR2T6,1
OR2T5,1
OR2T4,1
OR2T35,1
OR2T34,1
OR2T33,1
OR2T3,1
OR2T29,1
OR4C46,1
OR4C45,1
OR4C3,1
OR4C16,1
OR4C15,1
OR4C13,1
OR4C12,1
OR4C11,1
OR4B1,1
OR4A5,1
OR4A47,1
OR4A16,1
OR4A15,1
OR3A3,1
OR3A2,1
OR3A1,1
OR4F29,1
OR4F21,1
OR4F17,1
OR4F16,1
OR4F15,1
OR4E2,1
OR4E1,1
OR4D9,1
OR4D6,1
OR4D5,1
OR4D2,1
OR4D11,1
OR4D10,1
OR4D1,1
OR4C6,1
OR4C5,1
OR4N2,1
OR4M2B,1
OR4M2,1
OR4M1,1
OR4L1,1
OR4K5,1
OR4K3,1
OR4K2,1
OR4K17,1
OR4K15,1
OR4K14,1
OR4K13,1
OR4K1,1
OR4F6,1
OR4F5,1
OR4F3,1
OR51B5,1
OR51B4,1
OR51B2,1
OR51A7,1
OR51A4,1
OR51A2,1
OR4X2,1
OR4X1,1
OR4S2,1
OR4S1,1
OR4Q3,1
OR4Q2,1
OR4P4,1
OR4N5,1
OR4N4C,1
OR4N4,1
OR51T1,1
OR51S1,1
OR51Q1,1
OR51M1,1
OR51L1,1
OR51I2,1
OR51I1,1
OR51G2,1
OR51G1,1
OR51F2,1
OR51F1,1
OR51E2,1
OR51E1,1
OR51D1,1
OR51C1,1
OR51B6,1
OR52I2,1
OR52I1,1
OR52H1,1
OR52E8,1
OR52E6,1
OR52E5,1
OR52E4,1
OR52E2,1
OR52E1,1
OR52D1,1
OR52B6,1
OR52B4,1
OR52B2,1
OR52A5,1
OR52A1,1
OR51V1,1
OR56A5,1
OR56A4,1
OR56A3,1
OR56A1,1
OR52W1,1
OR52R1,1
OR52P1,1
OR52N5,1
OR52N4,1
OR52N2,1
OR52N1,1
OR52M1,1
OR52L1,1
OR52K2,1
OR52K1,1
OR52J3,1
OR5B2,1
OR5B17,1
OR5B12,1
OR5AU1,1
OR5AS1,1
OR5AR1,1
OR5AP2,1
OR5AN1,1
OR5AL1,1
OR5AK2,1
OR5AC2,1
OR5A2,1
OR5A1,1
OR56B4,1
OR56B2,1
OR56B1,1
OR5I1,1
OR5H6,1
OR5H2,1
OR5H15,1
OR5H14,1
OR5H1,1
OR5F1,1
OR5D3,1
OR5D18,1
OR5D16,1
OR5D14,1
OR5D13,1
OR5C1,1
OR5BS1,1
OR5B3,1
OR5B21,1
OR5T1,1
OR5P3,1
OR5P2,1
OR5M9,1
OR5M8,1
OR5M3,1
OR5M11,1
OR5M10,1
OR5M1,1
OR5L2,1
OR5L1,1
OR5K4,1
OR5K3,1
OR5K2,1
OR5K1,1
OR5J2,1
OR6C70,1
OR6C68,1
OR6C65,1
OR6C6,1
OR6C4,1
OR6C3,1
OR6C2,1
OR6C1,1
OR6B3,1
OR6B2,1
OR6B1,1
OR6A2,1
OR5W2,1
OR5V1,1
OR5T3,1
OR5T2,1
OR6V1,1
OR6T1,1
OR6S1,1
OR6Q1,1
OR6P1,1
OR6N2,1
OR6N1,1
OR6M1,1
OR6K6,1
OR6K3,1
OR6K2,1
OR6J1,1
OR6F1,1
OR6C76,1
OR6C75,1
OR6C74,1
OR8B2,1
OR8B12,1
OR8A1,1
OR7G3,1
OR7G2,1
OR7G1,1
OR7E24,1
OR7D4,1
OR7D2,1
OR7C2,1
OR7C1,1
OR7A5,1
OR7A17,1
OR7A10,1
OR6Y1,1
OR6X1,1
OR8J3,1
OR8J2,1
OR8J1,1
OR8I2,1
OR8H3,1
OR8H2,1
OR8H1,1
OR8G5,1
OR8G3,1
OR8G1,1
OR8D4,1
OR8D2,1
OR8D1,1
OR8B8,1
OR8B4,1
OR8B3,1
OR9K2,1
OR9I1,1
OR9H1,1
OR9G9,1
OR9G4,1
OR9G1,1
OR9A4,1
OR9A2,1
OR8U9,1
OR8U8,1
OR8U3,1
OR8U1,1
OR8S1,1
OR8K5,1
OR8K3,1
OR8K1,1
OSCAR,1
OSBPL5,1
OS9,1
ORMDL3,1
ORMDL2,1
ORMDL1,1
ORC6,1
ORC5,1
ORC4,1
ORC3,1
ORC2,1
ORC1,1
ORAI3,1
ORAI2,1
OR9Q2,1
OR9Q1,1
OR13D1,1
OR13C9,1
OR13C8,1
OR13C5,1
OR13C4,1
OR13C3,1
OR13C2,1
OR13A1,1
OR12D3,1
OR12D2,1
OR12D1,1
OR11L1,1
OR11H7,1
OR11H6,1
OR11H4,1
OR11H2,1
OR10Z1,1
OR10X1,1
OR10W1,1
OR10V1,1
OR10T2,1
OR10S1,1
OR10R2,1
OR10Q1,1
OR10P1,1
OR10K2,1
OR10K1,1
OR10J5,1
OXSR1,1
OXA1L,1
OTX1,1
OTUD5,1
OR10G3,1
OR10G2,1
OR10D3,1
OR10C1,1
PADI6,1
PADI4,1
PADI3,1
PADI2,1
PADI1,1
P4HB,1
P2RY8,1
P2RY10,1
OR11H12,1
OR11H1,1
OR11G2,1
OR11A1,1
OR10A5,1
OR10A4,1
OR10A3,1
OR10A2,1
OR10J4,1
OR10J1,1
OR10H5,1
OR10H4,1
OR10H3,1
OR10H2,1
OR10H1,1
OR10G9,1
OR10G8,1
OR10G7,1
OR10G6,1
OR10G4,1
OASL,1
NVL,1
NUS1,1
NUPR1,1
OMA1,1
OGG1,1
OGA,1
OBSCN,1
PAN3,1
PAN2,1
PALS2,1
OR10AG1,1
OR10AD1,1
OR10AC1,1
OR10A7,1
OR10A6,1
NUMB,1
NUDT7,1
NUDT21,1
NUDT19,1
NUDT16L1,1
NTSR2,1
PAQR9,1
PAQR8,1
PAQR7,1
PAQR6,1
PAQR5,1
PAPOLG,1
PAPOLB,1
PAPOLA,1
PAOX,1
NUP42,1
NRROS,1
NRARP,1
NRAP,1
NSMAF,1
NSFL1C,1
NRXN3,1
PATE2,1
PATE1,1
PARS2,1
PARN,1
PARG,1
NTS,1
NTN4,1
NTN3,1
NTHL1,1
NUMBL,1
PCDH7,1
PCDH20,1
PCDH11Y,1
PCDH11X,1
PCDH1,1
PCBP2,1
PBX3,1
PAX7,1
PAX5,1
PAX4,1
PAX3,1
PATL1,1
PATE4,1
PATE3,1
NRXN2,1
NRXN1,1
PCYOX1,1
PCSK9,1
PCSK6,1
PCLO,1
NR5A2,1
NR4A3,1
NR3C2,1
NR3C1,1
NR1I3,1
NR1H4,1
NR1D2,1
NR1D1,1
NR0B2,1
NR0B1,1
PCF11,1
PCDH9,1
NPBWR2,1
NPBWR1,1
NPB,1
NPY5R,1
NPY4R2,1
NPY4R,1
NPY2R,1
NPW,1
NPVF,1
NPSR1,1
NPS,1
NPRL3,1
NPRL2,1
NPR3,1
PDCD1LG2,1
PDCD10,1
NMUR1,1
NMU,1
NMS,1
NPAS2,1
NOTUM,1
NOS1AP,1
NOP58,1
NOP10,1
NOL6,1
NPLOC4,1
NPHS2,1
NPHS1,1
NPFFR2,1
NPFFR1,1
NPFF,1
NPC1L1,1
PDIA6,1
PDHX,1
NLRP12,1
NLRP1,1
NLN,1
NKX6-1,1
NKX2-2,1
NMBR,1
NMB,1
NLRP7,1
NLRP6,1
NLRP4,1
NOL3,1
NOG,1
NOB1,1
NMUR2,1
NHLRC1,1
NHERF2,1
NHEJ1,1
NGLY1,1
NGEF,1
NFX1,1
PDS5A,1
PDLIM7,1
PDLIM5,1
PDLIM4,1
PDLIM3,1
PDLIM2,1
PDLIM1,1
PDK4,1
PDK3,1
PDK2,1
PEX12,1
PEX11G,1
PEX11B,1
PEX11A,1
PEX10,1
PEX1,1
PERP,1
PELO,1
PECR,1
PDSS2,1
PDSS1,1
PDS5B,1
NIPBL,1
NID2,1
NID1,1
NHP2,1
NELFB,1
NELFA,1
NEK7,1
NEIL3,1
NEIL2,1
NFRKB,1
NFKBIZ,1
NFIL3,1
PEX5,1
PEX3,1
PEX26,1
PEX2,1
PEX19,1
PEX16,1
PEX14,1
PEX13,1
NDUFAF4,1
NDUFAF3,1
NDUFAF2,1
NDUFAF1,1
NEIL1,1
NEGR1,1
NEBL,1
NEB,1
PEX7,1
PEX6,1
PEX5L,1
NEUROG3,1
NEUROG1,1
NEUROD1,1
NELFE,1
NELFCD,1
PGRMC2,1
PGRMC1,1
NCL,1
NCDN,1
NCR3,1
NCR2,1
NCR1,1
NCOA7,1
PGA5,1
PGA4,1
PGA3,1
NDC80,1
NDUFAF8,1
NDUFAF7,1
NDUFAF6,1
NDUFAF5,1
NAPA,1
NAGPA,1
NAE1,1
NCALD,1
NBL1,1
NAT10,1
NARS2,1
NARS1,1
NAPSA,1
NAPEPLD,1
PHC3,1
PHC2,1
PHC1,1
PHB2,1
PHB1,1
PHAX,1
MYOT,1
MYOM3,1
MYOM2,1
MYOM1,1
MYOD1,1
MYO9B,1
MYO9A,1
MYO7B,1
MYO7A,1
PHYH,1
PHLPP2,1
PHLPP1,1
PHF6,1
PHF5A,1
PHF19,1
PHF1,1
MXRA8,1
MYO16,1
MYO15B,1
MYO15A,1
MYLIP,1
MYO3B,1
MYO3A,1
MYO19,1
MYO18B,1
MYO18A,1
NACA2,1
NACA,1
MYPN,1
MYOZ3,1
MYOZ2,1
MYOZ1,1
MVB12A,1
MUTYH,1
MUL1,1
MUC7,1
MTX3,1
MTX2,1
MTX1,1
PIGR,1
MYF5,1
MYCN,1
MYBPHL,1
MYBPH,1
MYBPC2,1
MYBPC1,1
MYBL2,1
MYB,1
MST1,1
MSR1,1
PIP4P2,1
PIP4P1,1
MTF2,1
MTCP1,1
MTBP,1
MTA3,1
MTA2,1
MTA1,1
MTTP,1
MTSS2,1
MTSS1,1
MTRR,1
MTREX,1
MVB12B,1
PKD1L3,1
PITX2,1
MT2A,1
MT1X,1
MT1M,1
MT1HL1,1
MT1H,1
MT1G,1
MT1F,1
MT1E,1
MT1B,1
MT1A,1
MSX2,1
MSX1,1
MSTN,1
MST1R,1
MRPS17,1
MRPS16,1
MSI2,1
MSI1,1
MS4A1,1
MRPS9,1
MRPS7,1
MRPS6,1
MRPS5,1
MRPS35,1
MRPS34,1
MRPS33,1
PKP1,1
PKN3,1
PKIA,1
PKD2L1,1
MRPL47,1
MRPL46,1
PLAA,1
MRPS31,1
MRPS30,1
MRPS28,1
MRPS27,1
MRPS26,1
MRPS25,1
MRPS24,1
MRPS23,1
MRPS22,1
MRPS21,1
MRPS2,1
MRPS18C,1
MRPS18A,1
PLEKHG5,1
PLCL1,1
MRPS15,1
MRPS14,1
MRPS12,1
MRPS11,1
MRPS10,1
MRPL9,1
MRPL55,1
MRPL54,1
MRPL53,1
MRPL52,1
MRPL51,1
MRPL50,1
MRPL49,1
MRPL48,1
MRPL44,1
MRPL43,1
MRPL42,1
MRPL41,1
MRPL40,1
MRPL4,1
MRPL39,1
MRPL38,1
MRPL37,1
MRPL36,1
MRPL35,1
MRPL34,1
MRPL33,1
MRPL32,1
MRPL30,1
PLEKHM2,1
MRPL17,1
MRPL16,1
MRPL15,1
MRPL14,1
MRPL13,1
PLXNC1,1
PLXNB3,1
PLXNB2,1
PLXNB1,1
PLRG1,1
PLK4,1
PLK2,1
PLIN5,1
PLIN4,1
PLIN2,1
MRPL45,1
MRLN,1
MRGPRD,1
MRGBP,1
MRAP2,1
MPV17L2,1
MRPL3,1
MRPL28,1
MRPL27,1
MRPL24,1
MRPL23,1
MRPL22,1
MRPL21,1
MRPL20,1
MRPL2,1
MRPL19,1
MRPL18,1
POGLUT1,1
POFUT2,1
POFUT1,1
PODXL,1
PNPT1,1
PNPLA7,1
PNPLA6,1
PNPLA1,1
PNLDC1,1
PNKP,1
PMP22,1
PMP2,1
MRPL12,1
MRPL11,1
MRPL10,1
MRPL1,1
MORF4L1,1
MON1B,1
MON1A,1
MOCS3,1
MPV17L,1
MPV17,1
MPP4,1
MPP3,1
MPHOSPH6,1
MPHOSPH10,1
MPG,1
MPC2,1
MPC1L,1
MPC1,1
POLA2,1
POLA1,1
MMAA,1
MLH3,1
MNX1,1
MMP25,1
MMP24-AS1-EDEM2,1
MMP24,1
MMP17,1
MMP15,1
POLR1A,1
POLN,1
POLM,1
POLI,1
POLG2,1
POLG,1
MOSMO,1
MORF4L2,1
MIR9-2,1
MIR9-1,1
MIR7-3,1
MIR7-2,1
MIR7-1,1
MIR625,1
MIR615,1
MIR602,1
MIR520H,1
POLR1H,1
POLR1G,1
POLR1F,1
POLR1E,1
POLR1B,1
MLF1,1
MMADHC,1
MIR423,1
MIR375,1
MIR373,1
MIR363,1
MIR34C,1
POP7,1
POP5,1
POP4,1
POP1,1
POMP,1
MIR99B,1
MIR99A,1
MIR96,1
MIR92A2,1
MIR92A1,1
MIR9-3,1
PPA1,1
POU5F1B,1
POU5F1,1
POU1F1,1
PORCN,1
MIR520G,1
MIR520E,1
MIR520C,1
MIR520B,1
MIR520A,1
MIR494,1
MIR483,1
MIR451A,1
MIR449C,1
MIR449B,1
MIR449A,1
MIR345,1
MIR342,1
MIR335,1
MIR331,1
MIR330,1
MIR326,1
MIR324,1
MIR32,1
MIR31,1
MIR30E,1
MIR30D,1
MIR30C2,1
MIR30C1,1
MIR30B,1
PPARGC1B,1
PPA2,1
PPP1R15A,1
PPP1R14A,1
PPM1D,1
PPM1B,1
PPM1A,1
PPL,1
PPIL2,1
PPIL1,1
PPIH,1
PPIE,1
PPFIA4,1
PPFIA3,1
PPFIA2,1
PPFIA1,1
MIR34B,1
MIR34A,1
MIR200C,1
MIR200B,1
PPP1R3F,1
MIR30A,1
MIR28,1
MIR27B,1
MIR27A,1
MIR26B,1
MIR26A2,1
MIR26A1,1
MIR25,1
MIR23C,1
MIR23B,1
MIR23A,1
MIR224,1
PPP1R17,1
PPP4R3B,1
PPP4R3A,1
PPP4C,1
MIR223,1
MIR222,1
MIR221,1
MIR217,1
MIR215,1
MIR214,1
MIR210,1
MIR20B,1
MIR20A,1
MIR206,1
MIR205,1
MIR203B,1
MIR203A,1
MIR19B2,1
MIR19B1,1
MIR19A,1
MIR199B,1
MIR199A2,1
MIR199A1,1
MIR195,1
MIR194-2,1
MIR194-1,1
MIR193B,1
MIR192,1
MIR18B,1
MIR18A,1
MIR183,1
MIR181D,1
PPP4R3C,1
PRICKLE2,1
PRICKLE1,1
PRH2,1
PRH1,1
PRG2,1
PREP,1
PREB,1
PRDX5,1
PRDM4,1
PRB2,1
PRB1,1
PRAP1,1
PQBP1,1
PPY,1
PPP5C,1
MIR200A,1
MIR181A1,1
MIR17,1
MIR16-2,1
MIR16-1,1
MIR15B,1
MIR15A,1
MIR155,1
MIR152,1
MIR150,1
MIR146B,1
MIR146A,1
MIR145,1
PRIM2,1
PRIM1,1
PRICKLE4,1
PRICKLE3,1
MIR133A1,1
MIR129-2,1
MIR129-1,1
MIR128-2,1
MIR128-1,1
MIR126,1
MIR125B2,1
MIR125B1,1
PRKAR2B,1
PRKAR2A,1
PRKAR1B,1
PRKAR1A,1
MIR181C,1
MIR181B2,1
MIR181B1,1
MIR181A2,1
MIR101-1,1
PRPF38A,1
PRPF31,1
PRPF3,1
PRPF18,1
PROM1,1
PROCR,1
PROC,1
PRKCSH,1
MIR143,1
MIR137,1
MIR135B,1
MIR135A2,1
MIR135A1,1
MIR133B,1
MIR133A2,1
PRPF40A,1
PRPF4,1
PRPF38B,1
MIR125A,1
MIR124-3,1
MIR124-2,1
MIR124-1,1
MIR122,1
MIR107,1
MIR106B,1
MIR106A,1
MIR103B2,1
MIR103B1,1
MIR103A2,1
MIR103A1,1
MIR101-2,1
MFSD8,1
MIR100,1
MIR1-2,1
MIR1-1,1
MIOS,1
MID1,1
MICOS10-NBL1,1
MICALL2,1
MIB2,1
MIB1,1
PRSS8,1
PRR5L,1
PRR5,1
PRPF8,1
PRPF6,1
PRPF40B,1
PSMB11,1
PSMB10,1
MFGE8,1
MERTK,1
MEPE,1
MEP1B,1
MEP1A,1
MEGF8,1
MEGF11,1
MEGF10,1
PSIP1,1
PSD4,1
PSD3,1
PSD2,1
PSD,1
MGA,1
MCRS1,1
MCOLN3,1
MCOLN2,1
MED4,1
MED30,1
MED27,1
MED24,1
MED17,1
MED16,1
MED14,1
MED13L,1
MED13,1
MED12L,1
MED12,1
PSMB9,1
PSMB8,1
MATK,1
MARVELD3,1
MARVELD2,1
MBTPS2,1
MBTPS1,1
MBP,1
MBOAT7,1
MBD6,1
MBD5,1
MBD4,1
MBD3,1
MCC,1
MEAK7,1
MEAF6,1
MDN1,1
MDFIC,1
MAP4K1,1
MAP3K9,1
MARCO,1
MARCHF6,1
MARCHF5,1
MAPKAPK5,1
MAPKAP1,1
MAPK8IP3,1
MAPK8IP2,1
MAPK8IP1,1
PSTPIP1,1
PSMF1,1
PSME4,1
MBD2,1
MAU2,1
MATR3,1
MAP1B,1
MAP1A,1
MAP3K6,1
MAP3K21,1
MAP3K20,1
MAP3K13,1
MAP3K12,1
PTGR2,1
PTGR1,1
PTGDR,1
MAPK6,1
MAPK4,1
MAPK15,1
MAP4K4,1
MAP4K3,1
MAP4K2,1
PTPRB,1
PTPN7,1
MAGI3,1
MAGED1,1
MAFB,1
MAD2L1BP,1
PTPN5,1
PTPN2,1
PTPN13,1
PTH2R,1
PTH2,1
PTGR3,1
MAN2C1,1
MAN2B2,1
MAP2,1
MAP1S,1
LTBP1,1
LTB4R,1
LSM1,1
LZTS3,1
LZTS2,1
LYZ,1
LYPLA2,1
LYPD6B,1
LYPD6,1
LYNX1,1
LYL1,1
LY9,1
LUM,1
PTPRR,1
PTPRN2,1
PTPRN,1
LSG1,1
LRRTM4,1
LRRC32,1
LRPAP1,1
LRIG2,1
LRFN5,1
LRFN4,1
PYDC5,1
PYDC2,1
PYDC1,1
PXMP4,1
PXMP2,1
PWP2,1
PUM2,1
PUM1,1
PUF60,1
RAB31,1
RAB2A,1
RAB27B,1
RAB22A,1
RAB1B,1
RAB17,1
RAB13,1
RAB11FIP5,1
RAB11FIP4,1
RAB11FIP3,1
RAB11FIP2,1
RAB11FIP1,1
QRFPR,1
QRFP,1
PYY,1
LPGAT1,1
LIN37,1
LIMS2,1
LIMS1,1
LPA,1
LORICRIN,1
LNPEP,1
LMOD3,1
LMOD2,1
LMOD1,1
LMO2,1
LMAN2,1
LMAN1L,1
LMAN1,1
RAB3D,1
RAB35,1
RAB33B,1
LHX5,1
LHPP,1
LGR6,1
LGR5,1
LGR4,1
LEMD3,1
RABGEF1,1
RABEP1,1
RAB8B,1
RAB4A,1
LIG4,1
LIG3,1
LITAF,1
LIN9,1
LIN54,1
LIN52,1
RAET1L,1
RAET1G,1
RAET1E,1
LDB3,1
LDB1,1
LCOR,1
RADIL,1
RAD9B,1
RAD9A,1
RAD54L,1
RAD54B,1
RAD52,1
RAD51D,1
RAD51B,1
RAD21,1
RAD1,1
LCE7A,1
LCE5A,1
LCE4A,1
LCE3E,1
LCE3D,1
LCE3C,1
LCE3B,1
LCE3A,1
LCE2D,1
LCE2C,1
LCE2B,1
LCE2A,1
LCE1F,1
RALGAPB,1
RALGAPA2,1
RALGAPA1,1
RARS2,1
RARS1,1
LCE1E,1
LCE1D,1
LCE1C,1
LCE1B,1
LCE1A,1
LAT2,1
LARS2,1
LARS1,1
RAP2C,1
RAP1GAP,1
RANGAP1,1
RANBP3,1
RANBP17,1
LCN2,1
L3MBTL2,1
L3MBTL1,1
LAPTM5,1
LAPTM4B,1
LAPTM4A,1
LAMTOR5,1
LAMTOR4,1
LAMTOR2,1
LAMTOR1,1
LAMP3,1
RASAL3,1
RASAL2,1
RASAL1,1
RASA4B,1
RASA4,1
RASA3,1
RBM17,1
KSR2,1
KRT86,1
KRT85,1
KRT84,1
KRT83,1
KRT82,1
KRT81,1
KRT80,1
RBBP8,1
RBBP5,1
RASSF4,1
RASSF2,1
RASIP1,1
L3MBTL4,1
L3MBTL3,1
KRT6A,1
KRT5,1
REC8,1
RCVRN,1
RCOR1,1
RCL1,1
RCE1,1
RCAN2,1
RBSN,1
RBP2,1
RBMXL1,1
RBMX2,1
RBMX,1
RBM28,1
RBM25,1
RBM22,1
KRT1,1
KRT4,1
KRT3,1
KRT8,1
KRT79,1
KRT78,1
KRT77,1
KRT76,1
KRT75,1
KRT74,1
KRT73,1
KRT72,1
KRT71,1
KRT7,1
KRT6C,1
KRT6B,1
KLF3,1
KLB,1
KIRREL3,1
KLRC4,1
KLRB1,1
KLKB1,1
KLHL9,1
REV1,1
RETSAT,1
RELT,1
RELL2,1
RELL1,1
REG4,1
RECK,1
KNL1,1
KRT2,1
RHBDF2,1
RHBDF1,1
RGS3,1
RGS14,1
RGMB,1
RGL2,1
RGL1,1
RGCC,1
RFX6,1
REXO5,1
REXO2,1
REXO1,1
KIRREL2,1
KIRREL1,1
KLHL13,1
KLF5,1
RHOD,1
KIFC3,1
KIFC2,1
KIFC1,1
KIFAP3,1
KIF9,1
KIF6,1
KIF4B,1
KIF4A,1
KIF3C,1
KIF3B,1
KIF2C,1
RHOBTB2,1
RHOBTB1,1
RHOB,1
RHO,1
KIF1A,1
RMRP,1
RMI2,1
RMI1,1
RIPPLY2-CYB5R4,1
RIOK2,1
RIOK1,1
RING1,1
RIN1,1
RIMS2,1
RIF1,1
RICTOR,1
RHOT2,1
RHOT1,1
RHOQ,1
RHOJ,1
KIF11,1
KIDINS220,1
KGD4,1
KIF2B,1
KIF2A,1
KIF27,1
KIF26B,1
KIF26A,1
KIF25,1
KIF24,1
KIF21B,1
KIF21A,1
KIF20B,1
KIF20A,1
KIF1C,1
KIF1B,1
KDM1A,1
KDELR3,1
KDELR2,1
KDELR1,1
KCNQ5,1
KCNQ4,1
KIF19,1
KIF18B,1
KIF18A,1
KIF17,1
KIF16B,1
KIF15,1
KIF14,1
KIF13B,1
KIF13A,1
KIF12,1
RNF152,1
RNF125,1
RND1,1
RNASEH2C,1
RNASEH2B,1
KCNK9,1
KCNK10,1
KCNJ8,1
RNASEH2A,1
RNASEH1,1
RNASE3,1
KDM6A,1
KDM3B,1
KDM3A,1
KDM2B,1
KDM2A,1
RNU1-3,1
RNU1-2,1
RNU1-1,1
RNR2,1
RNR1,1
KCNJ16,1
KCNJ15,1
KCNJ13,1
KCNE3,1
RNMT,1
RNGTT,1
RNF5,1
RNF43,1
RNF41,1
RNF2,1
RNF185,1
RNU6-9,1
RNU6-8,1
RNU6-7,1
RNU6-2,1
RNU6-1,1
RNU5F-1,1
RNU5E-1,1
RNU5D-1,1
RNU5B-1,1
RNU5A-1,1
RNU4-2,1
RNU4-1,1
RNU2-63P,1
RNU2-2,1
RNU2-1,1
RNU1-4,1
RNVU1-6,1
RNVU1-4,1
RNVU1-31,1
RNVU1-30,1
RNVU1-3,1
RNVU1-2A,1
RNVU1-28,1
RNVU1-27,1
RNVU1-26,1
RNVU1-20,1
RNVU1-19,1
RNVU1-18,1
RNVU1-17,1
RNVU1-15,1
RNVU1-14,1
RNVU1-1,1
KCNE1B,1
KCNE1,1
KCND3,1
KCND2,1
KCNC3,1
KCNA6,1
KCNA2,1
KCNA1,1
KAZN,1
KAT6A,1
KARS1,1
ROR1,1
ROBO4,1
RO60,1
RNVU1-8,1
RNVU1-7,1
IRF4,1
IRAK3,1
IQSEC3,1
IQSEC2,1
IQSEC1,1
IQGAP3,1
RP9,1
RORB,1
ROR2,1
ISY1-RAB43,1
ISY1,1
ISL1,1
IVL,1
JMJD1C,1
IYD,1
KCNE2,1
INO80,1
INHA,1
ING3,1
INF2,1
IQGAP2,1
IQCE,1
IPO9,1
IPO8,1
IPO7,1
IPO5,1
IPO4,1
IPO13,1
IPO11,1
INVS,1
IRF8,1
IRF5,1
IL1RAPL1,1
IL1F10,1
IL22RA2,1
IL36RN,1
IL36G,1
IL36B,1
IL36A,1
IL32,1
IMP4,1
IMP3,1
IMMP2L,1
IMMP1L,1
INO80E,1
INO80D,1
INO80C,1
INO80B,1
ICMT,1
ICAM4,1
IFITM1,1
IFIT1B,1
IFIT1,1
IFI30,1
IGFALS,1
IGF2BP1,1
IGSF11,1
IGSF1,1
IGLL1,1
IL16,1
IL1RN,1
IL1RL2,1
IL1RL1,1
IL1RAPL2,1
HTN3,1
HTN1,1
HSPH1,1
HSPBP1,1
HSPB2,1
HUS1,1
RPRM,1
RPP40,1
RPP38,1
RPP30,1
RPP25L,1
RPP25,1
ICA1,1
IARS2,1
IARS1,1
HYOU1,1
HOXA1,1
HOOK3,1
HS3ST3B1,1
HS3ST3A1,1
HS3ST2,1
HS3ST1,1
HS2ST1,1
HRNR,1
HRK,1
HRH4,1
HS6ST3,1
HS6ST2,1
HS6ST1,1
HS3ST5,1
HSPA4L,1
HSF1,1
HNRNPUL1,1
HNRNPU,1
HNRNPM,1
HNRNPCL4,1
HNRNPCL3,1
HNRNPCL2,1
HNRNPCL1,1
HNRNPC,1
HNRNPA2B1,1
HPR,1
HPN,1
HOXD1,1
HOXB1,1
HOXA9,1
HOXA11,1
HOXA10,1
RSPO1,1
RSF1,1
RRP7A,1
HHATL,1
HHAT,1
HFE,1
RRBP1,1
HJV,1
HIPK4,1
HIPK3,1
HIPK2,1
HIPK1,1
HNF4G,1
HNF1B,1
HNF1A,1
HMMR,1
HES4,1
HES3,1
HES2,1
HERPUD1,1
HERC4,1
HERC3,1
HERC2,1
HERC1,1
RUFY2,1
RUFY1,1
RUBCN,1
RTN4,1
RTN3,1
RSPO4,1
RSPO3,1
RSPO2,1
S100A11,1
S100A1,1
HCST,1
HCN3,1
HCN1,1
HCFC2,1
HCAR3,1
HCAR2,1
HCAR1,1
RYBP,1
RUVBL2,1
HEG1,1
HEATR1,1
HESX1,1
HES7,1
HES6,1
GULP1,1
GZMA,1
HACL1,1
HAVCR2,1
HARS2,1
HARS1,1
HAND1,1
S100A6,1
S100A5,1
S100A4,1
S100A3,1
S100A2,1
S100A16,1
S100A14,1
S100A13,1
S100A12,1
GUCA1C,1
GUCA1B,1
GUCA1ANB-GUCA1A,1
GUCA1A,1
GTSE1,1
GTPBP4,1
SAP30L,1
SAP30,1
SAMM50,1
SAG,1
SAE1,1
S100G,1
GYPC,1
GYPB,1
GXYLT2,1
GXYLT1,1
SCML1,1
SCMH1,1
GSDME,1
GRP,1
GSPT2,1
GSPT1,1
SCARF1,1
SCARB2,1
SBDS,1
SART1,1
SARS2,1
SARS1,1
GTF2F2,1
GTF2F1,1
GUCA2B,1
GUCA2A,1
GREM2,1
GREM1,1
GREB1,1
GRB10,1
GRIP2,1
GRIP1,1
SCN9A,1
SCN8A,1
SCN7A,1
SCN5A,1
SCN4B,1
SCN3A,1
SCN2A,1
SCN1B,1
SCN1A,1
SCML2,1
GPC3,1
GPR50,1
GPR35,1
GPR161,1
GPR156,1
GPR132,1
GPKOW,1
SCUBE2,1
SCO2,1
GRAP2,1
GPSM3,1
GPSM1,1
GPS2,1
GPRC6A,1
GPR83,1
GRID1,1
GNL2,1
GOSR2,1
GOSR1,1
GORASP2,1
GORASP1,1
GORAB,1
GNPTG,1
GNPTAB,1
SEC31B,1
SEC31A,1
SEC23B,1
SEC23A,1
SEC11C,1
SEC11A,1
SDR9C7,1
GPC4,1
SEMA3G,1
SEMA3F,1
SEMA3E,1
SEMA3D,1
SEMA3C,1
SEMA3B,1
SEMA3A,1
SELL,1
SELENOS,1
SEL1L2,1
SEL1L,1
GNAZ,1
GNAT2,1
GNAT1,1
GNL3L,1
GNL3,1
SEMA6A,1
GGA3,1
GLDN,1
GJD2,1
GLRA2,1
GLP2R,1
GLMN,1
GLG1,1
SEMA5B,1
SEMA5A,1
SEMA4G,1
SEMA4F,1
SEMA4D,1
SEMA4C,1
SEMA4B,1
SEMA4A,1
SERPINA1,1
SERINC5,1
SERINC3,1
SEPTIN7,1
GGA2,1
GGA1,1
GFAP,1
GET4,1
GET3,1
GET1,1
GDF9,1
SEPTIN1,1
SEMA7A,1
SEMA6D,1
SEMA6C,1
SEMA6B,1
GDF3,1
GDF2,1
GDF15,1
GDF11,1
GDF10,1
GDF1,1
GCM2,1
GCM1,1
SERPINB6,1
SERPINB4,1
SERPINB3,1
SERPINB2,1
SERPINB13,1
SERPINB10,1
SERPINA7,1
SERPINA5,1
SF3B5,1
SF3B4,1
SF3B3,1
SF3B2,1
SF3B1,1
SF3A3,1
SF3A2,1
SF3A1,1
SF1,1
SETX,1
SERPINF2,1
SERPINF1,1
SERPINE2,1
SERPIND1,1
SERPINC1,1
SERPINB9,1
GATAD2B,1
GATAD2A,1
GAS1,1
GARS1,1
GAR1,1
GCC2,1
GBP7,1
GBP5,1
GBP4,1
GBP3,1
GBP2,1
GBP1,1
GBF1,1
SFMBT2,1
SFMBT1,1
SF3B6,1
FUNDC1,1
FYCO1,1
FXYD4,1
FXYD1,1
FXN,1
G3BP1,1
SFTPD,1
SFRP5,1
SFRP4,1
SFRP2,1
SFRP1,1
GAL,1
GALR3,1
GALR2,1
GALR1,1
GALP,1
FOXM1,1
FOXK2,1
FOXK1,1
FOXG1,1
FOXA3,1
FOSL2,1
SH3GL1,1
SH3BP2,1
SH2D2A,1
SH2B3,1
SH2B1,1
SGTA,1
FST,1
FSCN1,1
FRZB,1
FRMD8,1
FNTB,1
FNTA,1
FNIP2,1
FNIP1,1
FNBP1L,1
FNBP1,1
FMOD,1
SHISA5,1
SHANK3,1
SHANK2,1
SHANK1,1
SH3KBP1,1
SH3GLB2,1
SH3GL3,1
SH3GL2,1
FOXP1,1
FMNL3,1
FMNL2,1
FMNL1,1
FMN2,1
FLOT2,1
FLOT1,1
FLNC,1
SIL1,1
SIKE1,1
SIK2,1
SIK1,1
SIK,1
SIGLEC9,1
SIGLEC10,1
SIGLEC1,1
SHOC2,1
FLI1,1
FLG2,1
FLG,1
FKBP8,1
FKBP5,1
FKBP4,1
FIS1,1
FIP1L1,1
FHOD1,1
FHL3,1
SIX4,1
SIX1,1
SIVA1,1
SIPA1L3,1
SIPA1L2,1
SIPA1L1,1
SLC12A5,1
SLC12A3,1
FGF14,1
FGD3,1
FGD1,1
FGR,1
SLC11A1,1
SLC10A2,1
SLAMF7,1
SLAMF6,1
SKIC8,1
SKIC3,1
SKIC2,1
SKI,1
SKAP2,1
SKAP1,1
FBXW7,1
FBXO6,1
FFAR2,1
FFAR1,1
FEZ1,1
FEV,1
FES,1
FERMT2,1
FERMT1,1
FER,1
SLC17A9,1
SLC17A5,1
SLC16A3,1
SLC16A1,1
SLC15A1,1
SLC12A7,1
SLC25A20,1
SLC25A17,1
SLC25A10,1
SLC24A4,1
SLC24A1,1
SLC23A1,1
SLC22A7,1
SLC22A6,1
SLC22A5,1
SLC22A4,1
SLC22A3,1
SLC22A2,1
SLC19A3,1
SLC19A2,1
FCF1,1
FBXW8,1
SLC26A4,1
FBXO43,1
FBXO4,1
FBXO32,1
FBXO25,1
FBXO22,1
FBXL3,1
FBRSL1,1
FBRS,1
FBN3,1
FBN2,1
FBLN2,1
FBLN1,1
SLC26A2,1
SLC26A1,1
SLC25A29,1
SLC2A5,1
FBLL1,1
FBL,1
FAT4,1
FARSB,1
FARSA,1
FARS2,1
FAR2,1
FAR1,1
FANCM,1
FANCI,1
SLC29A3,1
SLC29A2,1
SLC29A1,1
SLC27A3,1
SLC26A7,1
FANCF,1
FANCE,1
FANCD2,1
FANCC,1
FANCB,1
FANCA,1
FAN1,1
FABP7,1
FABP6,1
FABP5,1
SLC37A4,1
SLC36A4,1
SLC36A3,1
SLC36A2,1
SLC36A1,1
SLC30A1,1
SLC3A1,1
F12,1
F11,1
F10,1
EYA1,1
FABP3,1
FAAP24,1
FAAP100,1
FAAH,1
F9,1
F8,1
F7,1
F5,1
SLC38A9,1
SLC38A5,1
FANCG,1
EXO1,1
EWSR1,1
SLC6A7,1
SLC66A1,1
SLC5A6,1
SLC5A5,1
SLC52A3,1
SLC51B,1
SLC51A,1
SLC4A5,1
SLC4A1,1
SLC44A5,1
SLC44A4,1
SLC44A3,1
SLC44A2,1
SLC44A1,1
SLC7A8,1
SLC7A7,1
SLC7A11,1
SLC7A1,1
EXOSC9,1
EXOSC8,1
EXOSC7,1
EXOSC6,1
EXOSC5,1
EXOSC4,1
EXOSC3,1
EXOSC2,1
EXOSC10,1
EXOSC1,1
EXOC5,1
EXOC4,1
ERLN,1
ERLEC1,1
EVPL,1
EVL,1
EVC2,1
EVC,1
ETV7,1
ETV6,1
ETV4,1
ETV1,1
ETF1,1
SLCO1A2,1
SLC9A7,1
SLC9A6,1
SLC9A4,1
SLC7A9,1
SLU7,1
ERCC6,1
ERCC5,1
ERBIN,1
EPX,1
EPS15L1,1
EPS15,1
SLN,1
SLK,1
SLCO2B1,1
ESX1,1
ESRRB,1
ESCO2,1
ESCO1,1
ERP29,1
ERO1B,1
EPN3,1
EPN2,1
EPN1,1
EPHB6,1
EPHB4,1
EPHB3,1
EPHB2,1
EPHB1,1
SMAP1,1
SMAD6,1
SLX4,1
SLX1B,1
SLX1A-like,1
SLX1A,1
SLURP2,1
SLURP1,1
EPHA4,1
EPHA3,1
EPHA1,1
EPG5,1
EPCAM,1
EPC2,1
EPC1,1
EPB41L4B,1
EPB41L3,1
EPB41L2,1
EPB41L1,1
SMARCAD1,1
SMARCA5,1
SMARCA1,1
SMAP2,1
EPOP,1
EMP3,1
EMP2,1
EMP1,1
EMG1,1
EP400,1
EOGT,1
SMUG1,1
SMNDC1,1
SMG7,1
SMG6,1
SMG5,1
SMG1,1
EPHA8,1
EPHA7,1
EPHA6,1
EPHA5,1
SNORD3H,1
SNORD3G,1
SNORD3F,1
SNORD3E,1
SNORD3D,1
SNORD3C,1
SNORD3B-2,1
SNORD3B-1,1
SNORD3A,1
SNIP1,1
SNF8,1
SND1,1
SNAI1,1
ENPEP,1
ENGASE,1
ENDOG,1
SNRPF,1
SNRPE,1
SNRPD2,1
SNRPC,1
SNRPB2,1
EME2,1
ELMO3,1
SNRPA1,1
SNRPA,1
SNRNP70,1
SNRNP40,1
SNRNP27,1
SNRNP200,1
SNORD3K,1
SNORD3J,1
SNORD3I,1
SNX3,1
SNX2,1
SNX18,1
ELL3,1
ELL2,1
ELL,1
ELF5,1
EIF6,1
EIF4G3,1
EIF4G2,1
EIF4G1,1
EIF4EBP2,1
SNX12,1
SNX1,1
SNUPN,1
SNRPG,1
EHD1,1
EFTUD2,1
EIF3H,1
EIF3E,1
EIF2B5,1
EIF2B4,1
EIF2B3,1
EIF2B2,1
EIF2B1,1
EI24,1
SNX9,1
SNX6,1
SNX5,1
SNX4,1
SNX33,1
SNX32,1
EDEM1,1
EDC4,1
EDC3,1
EDARADD,1
EFNB3,1
EFNB2,1
EFNB1,1
EFL1,1
EFCAB7,1
EEF1G,1
SOX9,1
SOX4,1
SOX17,1
EHD4,1
EHD3,1
EHD2,1
DYNLT2,1
ECSIT,1
ECI1,1
ECH1,1
EBAG9,1
E2F6,1
SPCS3,1
SPCS2,1
SPCS1,1
SPATA2L,1
SPATA2,1
SPATA13,1
SPART,1
EED,1
EDEM3,1
EDEM2,1
SPRR2E,1
SPRR2D,1
SPRR2B,1
SPRR2A,1
SPRR1B,1
SPRR1A,1
SPOPL,1
SPOP,1
SPN,1
SPG21,1
SPEN,1
DUSP3,1
DUSP10,1
DUOXA2,1
DYNLT5,1
DYNLT4,1
SPRR3,1
SPRR2G,1
DSC1,1
DPYSL5,1
DPYSL2,1
DUOX2,1
DUOX1,1
DTX4,1
DTX3L,1
DTX3,1
DTX2,1
DTX1,1
DST,1
DSG4,1
DSG3,1
SPRR2F,1
SRCAP,1
DNAJC6,1
DNAJC5G,1
DNAJC5B,1
DNAJC5,1
DPF2,1
DOK2,1
DOK1,1
DOCK4,1
DOCK2,1
SPX,1
SPTSSB,1
SPTSSA,1
SPRY2,1
SPRR5,1
SPRR4,1
SRP54,1
DNA2,1
DMXL2,1
DMXL1,1
DNAJC10,1
DNAJC1,1
DNAJB2,1
DNAJB12,1
DNAJB11,1
DNAJA3,1
DNAJA2,1
DNAJA1,1
DNAI4,1
DNAI3,1
SRP19,1
SRP14,1
DIO3,1
DICER1,1
DHX8,1
DHX58,1
DMBT1,1
DMAP1,1
DLX5,1
DLGAP1,1
DLG5,1
SRSF10,1
SRPRB,1
SRPRA,1
SRPK1,1
SRP9,1
SRP72,1
SRP68,1
DHX38,1
DHX36,1
DHX33,1
DHX16,1
DHX15,1
DHRS11,1
DHH,1
SSR4,1
SSR3,1
SSR2,1
SSR1,1
SSB,1
DKC1,1
DISP1,1
DIS3L,1
DIS3,1
DET1,1
DERL3,1
DERL2,1
DEPP1,1
DEPDC5,1
DHDDS,1
SSX2B,1
SSX2,1
SSX1,1
SSU72L6,1
SSU72L5,1
SSU72L4,1
SSU72L3,1
SSU72L2,1
SSU72L1,1
SSU72,1
DCHS2,1
DCHS1,1
DDX23,1
DDX11,1
DECR2,1
DDX6,1
DDX46,1
DDX42,1
DDX41,1
SSX7,1
SSX5,1
SSX4B,1
SSX4,1
SSX3,1
DFFB,1
DFFA,1
DBF4B,1
DBF4,1
DAZAP1,1
DARS2,1
DARS1,1
DAPP1,1
STAMBP,1
STAG3,1
STAG2,1
STAG1,1
STAB2,1
STAB1,1
DCPS,1
DCP2,1
DCP1B,1
DCP1A,1
CYP4X1,1
CYP4F22,1
CYP46A1,1
DAP3,1
DAB2,1
DAB1,1
STIM2,1
STEAP2,1
STEAP1,1
STATH,1
STARD9,1
STARD3,1
DCAF7,1
DCAF1,1
DBP,1
DBI,1
CYB5R1,1
CXXC4,1
CYBRD1,1
CYB5RL,1
CYB5R4,1
CYP27C1,1
STX12,1
STX11,1
STX10,1
STK39,1
STK10,1
STIP1,1
CYP3A43,1
CYP39A1,1
CYRIB,1
CYRIA,1
CTNNBL1,1
CUBN,1
CTU2,1
CTU1,1
CXCL17,1
CWC25,1
CWC15,1
CUL7,1
STXBP1,1
STX8,1
STX6,1
STX5,1
STX19,1
STX16,1
CYB5R3,1
CYB5R2,1
SUPT3H,1
SUPT20HL2,1
SUPT20HL1,1
SUPT20H,1
SUN2,1
SUN1,1
SUMF1,1
SULT1A4,1
SULT1A3,1
SULT1A2,1
SULT1A1,1
SUGT1,1
SUCNR1,1
CTSE,1
CTNS,1
CTNND2,1
SYF2,1
SYCP3,1
CTNNBIP1,1
CSTF3,1
CSTF2T,1
CSTF2,1
CSTF1,1
CST5,1
CST4,1
SVIP,1
SV2C,1
SV2B,1
SV2A,1
SUZ12,1
SUPT5H,1
SUPT4H1,1
CST1,1
CSRP3,1
CSRP2,1
CSRP1,1
CSNK1G3,1
CSNK1G2,1
CSNK1G1,1
TAAR2,1
TAAR1,1
SYT1,1
SYNPO2,1
SYNPO,1
SYNGAP1,1
SYNE3,1
SYNE2,1
SYNE1,1
TAF3,1
TAF2,1
TAF1L,1
TAF13,1
TAF12,1
TAF11,1
TAF10,1
TAF1,1
TADA3,1
TAAR9,1
TAAR8,1
TAAR6,1
TAAR5,1
CSN2,1
CST3,1
CST2,1
CRCP,1
CRYAA,1
CRY2,1
CRY1,1
CRTC3,1
CRTC1,1
CRTAM,1
CROT,1
CRNKL1,1
TAF8,1
TAF7L,1
TAF7,1
TAF6L,1
TAF6,1
TAF5L,1
TAF5,1
TAS2R16,1
TAS2R14,1
TAS2R13,1
TAS2R10,1
TAS2R1,1
TAS1R1,1
TARS3,1
TARS2,1
TARS1,1
TAOK3,1
TAOK2,1
TAOK1,1
TAFAZZIN,1
TAF9B,1
TAF9,1
CREM,1
TAS2R50,1
TAS2R5,1
TAS2R46,1
TAS2R45,1
TAS2R43,1
TAS2R42,1
TAS2R41,1
TAS2R40,1
TAS2R4,1
TAS2R39,1
TAS2R38,1
TAS2R31,1
TAS2R30,1
TAS2R3,1
TAS2R20,1
TAS2R19,1
CPLX4,1
CPLX3,1
CPLX2,1
CPLX1,1
CPE,1
CRB2,1
CRB1,1
CRAT,1
CPSF3,1
CPSF2,1
TBC1D15,1
TBC1D1,1
TAS2R9,1
TAS2R8,1
TAS2R7,1
TAS2R60,1
COLEC12,1
COX20,1
COX19,1
COX18,1
COX16,1
COX14,1
TBX3,1
TBL3,1
TBL1Y,1
TBL1XR1,1
TBL1X,1
TBKBP1,1
TBC1D7-LOC100130357 readthrough,1
TBC1D7,1
TBC1D17,1
CPSF1,1
COL22A1,1
COL21A1,1
COL20A1,1
COLEC11,1
COL8A2,1
COL8A1,1
TDG,1
TCOF1,1
TCN1,1
TCL1B,1
TCL1A,1
TCHHL1,1
TCHH,1
TCERG1,1
TCAP,1
CORT,1
COL15A1,1
COL14A1,1
COL13A1,1
COL12A1,1
COL10A1,1
COA7,1
COA6,1
TEX10,1
TENT4B,1
TENT4A,1
TECPR1,1
TDP1,1
COL28A1,1
COL26A1,1
COL25A1,1
COL23A1,1
TGM5,1
TGM3,1
TGM2,1
TGM1,1
TGIF2,1
TGIF1,1
TGFBRAP1,1
TFR2,1
TFPT,1
TFPI,1
TFF1,1
TFDP2,1
TFAP4,1
COL19A1,1
COL18A1,1
COL16A1,1
CNOT3,1
CNOT2,1
CNOT10,1
CNOT1,1
CNGB3,1
COA5,1
COA4,1
COA3,1
COA1,1
CNR2,1
CNOT9,1
CNOT8,1
CNOT7,1
CNOT6L,1
THAP11,1
TGOLN2,1
CLIP1,1
CLEC6A,1
CLEC4D,1
CLEC2B,1
CLEC1B,1
CMBL,1
CLU,1
CLPS,1
CLPB,1
CLP1,1
CLN5,1
CLN3,1
CLMP,1
CLK4,1
CNOT6,1
CNOT4,1
CIDEA,1
CIC,1
CHURC1-FNTB,1
CLCNKB,1
CLCN5,1
CLCN4,1
CLCN3,1
CLCN2,1
TJAP1,1
TIMP1,1
TIMD4,1
TIFA,1
TICRR,1
THY1,1
THSD4,1
CLK1,1
CHST3,1
CHST2,1
CHST15,1
CHST14,1
CHST13,1
CHST12,1
CHST11,1
CHST1,1
CHRNG,1
CHRNE,1
CHRND,1
TJP3,1
CKAP4,1
CITED2,1
CIDEC,1
CIDEB,1
TMEM33,1
TMEM30B,1
TMEM30A,1
CHRNB3,1
CHRNB1,1
CHRNA5,1
CHRNA2,1
CHRNA10,1
TMEM208,1
TMED10,1
TMBIM6,1
TLX3,1
TLX1,1
CHST7,1
CHST6,1
CHST4,1
CHERP,1
CHD8,1
CHD3,1
CHCHD10,1
CHRD,1
CHRAC1,1
TMPRSS11D,1
TMOD4,1
TMOD3,1
TMOD2,1
TMOD1,1
TMEM97,1
TMEM79,1
TMEM64,1
TMEM53,1
TMEM43,1
CFHR2,1
CFHR1,1
CETP,1
CETN2,1
CES2,1
CES1,1
TNFRSF12A,1
TMSB4Y,1
TMSB4X,1
TMPRSS4,1
CGNL1,1
CGN,1
CFP,1
CFHR5,1
CFHR4,1
CFHR3,1
CER1,1
CENPX,1
CENPS-CORT,1
CENPS,1
CENPE,1
CECR2,1
CEBPG,1
TNFSF12,1
TNFRSF9,1
TNFRSF8,1
TNFRSF6B,1
TNFRSF4,1
TNFRSF25,1
TNFRSF21,1
TNFRSF19,1
TNFRSF18,1
TOLLIP,1
TOB2,1
TOB1,1
TNPO2,1
TNPO1,1
CDX2,1
CDT1,1
CDSN,1
CDON,1
CDKN1C,1
TNIP1,1
TNFSF9,1
TNFSF8,1
TNFSF4,1
TNFSF18,1
TNFSF15,1
CDC5L,1
CDC45,1
CDC40,1
CDC37,1
CDC34,1
CDK2AP2,1
CDK2AP1,1
CDK14,1
CDH4,1
CDH3,1
CDH17,1
CDH15,1
TOMM70,1
TOMM7,1
TOMM20L,1
TOMM20,1
CDC14C,1
CDC14B,1
CDC14A,1
CD96,1
CD84,1
CD82,1
TPCN1,1
TP63,1
TP53INP2,1
TP53I3,1
TP53BP2,1
TP53BP1,1
TOPBP1,1
TOP2B,1
TOP2A,1
CDC7,1
CD200R1,1
CD37,1
CD33,1
CD320,1
CD79B,1
CD72,1
CD70,1
CD7,1
CD68,1
CD6,1
CD5,1
TPSD1,1
TPSB2,1
TPSAB1,1
TPP1,1
TPMT,1
TRIM32,1
TRIM21,1
TRIB3,1
TREX1,1
CCN4,1
CCM2,1
TREM2,1
TRAM1L1,1
TRAM1,1
TRAK2,1
CD164,1
CCZ1B,1
CCZ1,1
CD276,1
CD27,1
CD200R1L,1
TRNF,1
TRNE,1
TRND,1
TRNC,1
TRNA,1
TRIT1,1
TRIP6,1
TRIP13,1
TRIP12,1
TRIP10,1
TRIO,1
TRIM71,1
TRIM63,1
TRIM55,1
TRIM54,1
TRIM37,1
TRNW,1
TRNV,1
TRNT,1
TRNS2,1
TRNS1,1
TRNR,1
TRNQ,1
TRNP,1
TRNN,1
TRNM,1
TRNL2,1
TRNL1,1
TRNK,1
TRNI,1
TRNH,1
TRNG,1
CASK,1
CASTOR2,1
CASTOR1,1
CAST,1
CASQ1,1
CCDC88C,1
CCDC12,1
CCAR2,1
CBY1,1
CBX8,1
CBX7,1
CBX6,1
CBX4,1
CBX2,1
TRPA1,1
TRNY,1
CARM1,1
CARD8,1
CARD6,1
CARD18,1
CARD16,1
CARD14,1
CARD10,1
TRPV3,1
TRPM8,1
TRPM6,1
TRPM5,1
TRPM4,1
CASP2,1
CASP14,1
CASKIN2,1
CASKIN1,1
CADM2,1
CACYBP,1
CALY,1
CALHM1,1
CALD1,1
CAPNS1,1
CAPN3,1
CAMKK1,1
TTR,1
TTK,1
TTI1,1
TTF2,1
TTF1,1
TSPAN7,1
CARS2,1
CARS1,1
TWIST1,1
C10orf71,1
BUD31,1
BUD13,1
BTG4,1
BTG3,1
BTG2,1
BTG1,1
BTC,1
TUBE1,1
TUBD1,1
C1D,1
CABLES2,1
CABLES1,1
CALB1,1
CADM4,1
BOK,1
BNIP3L,1
BNIP1,1
BMS1,1
BSG,1
BRS3,1
BRD9,1
BRD8,1
BRAP,1
BPTF,1
TXNL4A,1
TXNIP,1
TXNDC5,1
TXK,1
TWNK,1
TWIST2,1
BICDL1,1
BICD2,1
BICD1,1
BMP3,1
BMP2K,1
BMP10,1
BMF,1
BLMH,1
BLK,1
BIVM-ERCC5,1
U6 spliceosomal RNA,1
U4 spliceosomal RNA,1
U2SURP,1
U2AF2,1
U2 spliceosomal RNA,1
U1 spliceosomal RNA,1
UBE2K,1
UBE2H,1
UBE2F,1
UBE2E3,1
UBE2E2,1
UBE2E1,1
UBE2C,1
UBE2B,1
UBE2A,1
UBA6,1
UBA3,1
UBA2,1
BIK,1
BICRAL,1
BICRA,1
BICDL2,1
UBE2R2,1
UBE2QL1,1
UBE2Q2,1
UBE2Q1,1
UBE2O,1
BHLHE41,1
BHLHE40,1
BHLHA15,1
BGN,1
BGLAP,1
BEX3,1
BET1L,1
BET1,1
BEST2,1
BEAN1,1
UBE2M,1
UBE3C,1
BCORL1,1
BCOR,1
BCL7C,1
BCL7B,1
BCL7A,1
BCL2L2,1
UBE3B,1
UBE2Z,1
UBE2W,1
UBE2V2,1
UBE2V1P16,1
UBE2V1,1
UBE2U,1
UBE2T,1
UBE2S,1
UBXN8,1
BCL11B,1
BCAS2,1
BAZ2B,1
BAZ2A,1
BAZ1B,1
BAZ1A,1
UBXN6,1
UBXN4,1
UBXN2A,1
UBXN1,1
UBR5,1
UBOX5,1
UBL4B,1
UBL4A,1
UBE4A,1
BATF3,1
BATF2,1
BATF,1
BARD1,1
BAP1,1
BANK1,1
BAIAP3,1
BAIAP2L1,1
BAG6,1
BAG4,1
BAG2,1
BAG1,1
UGGT2,1
UGGT1,1
UFD1,1
UCHL5,1
ATXN8OS,1
ATXN10,1
ATRX,1
ATRIP,1
ATP8A2,1
ATP8A1,1
AZU1,1
AZI2,1
AUTS2,1
B3GNT7,1
B3GLCT,1
BACE2,1
BACE1,1
BACC1,1
BABAM2,1
BABAM1,1
ATG16L2,1
ASXL3,1
ASXL2,1
ASXL1,1
ATP11B,1
ATP11A,1
ATOX1,1
UNC13C,1
UNC13B,1
UNC13A,1
ULBP3,1
ULBP2,1
ULBP1,1
UIMC1,1
ATP11C,1
ATP6AP2,1
ARLN,1
ARL8B,1
ARL8A,1
ARIH1,1
ASIC1,1
ASH2L,1
ASGR2,1
AS3MT,1
ARSG,1
UPK3A,1
ASPSCR1,1
ASPRV1,1
ASIP,1
ASIC5,1
ASIC4,1
ASIC3,1
UTP14A,1
UST,1
USP45,1
USP39,1
ARHGEF4,1
ARHGEF28,1
ARHGEF18,1
USP30,1
USP25,1
USP21,1
USP16,1
USP15,1
USP1,1
USE1,1
URM1,1
ARMC5,1
VANGL2,1
VANGL1,1
VAMP7,1
VAMP5,1
VAMP4,1
VAMP1,1
UVSSA,1
UVRAG,1
UTS2R,1
UTS2B,1
UTS2,1
UTP6,1
UTP4,1
UTP18,1
UTP15,1
UTP14C,1
AQP3,1
AQP2,1
ARHGAP29,1
ARHGAP17,1
ARHGAP10,1
ARFGEF2,1
ARFGEF1,1
ARFGAP3,1
ARFGAP2,1
ARFGAP1,1
ARF5,1
ARF4,1
ARF3,1
VARS2,1
VARS1,1
VAPA,1
VMP1,1
APOA5,1
APEX1,1
APCDD1L,1
APTX,1
APOL1,1
APOH,1
APOC2,1
APOC1,1
VGF,1
ARC,1
ARAP2,1
ARAP1,1
AQR,1
AQP8,1
AQP5,1
VPS26B,1
AP3B1,1
APCDD1,1
APBB1,1
AP4S1,1
AP4M1,1
AP4E1,1
AP4B1,1
AP3S2,1
AP3S1,1
AP3M2,1
AP3M1,1
AP3D1,1
AP3B2,1
VPS26A,1
VPS25,1
VTI1A,1
VTCN1,1
VTA1,1
VSIR,1
VSIG4,1
VPS8,1
VPS72,1
VPS45,1
VPS37D,1
VPS37C,1
VPS37B,1
VPS37A,1
VPS36,1
VPS35,1
VPS29,1
VPS28,1
WDR3,1
WDR24,1
WDFY3,1
WBP11,1
WASHC5,1
WASHC4,1
WASHC3,1
WASHC2C,1
WASHC2A,1
WASHC1,1
WASH,1
WAS protein family homolog 2-like,1
WARS2,1
WARS1,1
WAPL,1
VTI1B,1
WDR43,1
ANXA7,1
ANXA2,1
ANXA11,1
ANTXR2,1
ANTXR1,1
ANO9,1
ANO7,1
ANO6,1
ANO5,1
ANO4,1
ANO3,1
ANO2,1
ANKRD23,1
WDR36,1
WDR33,1
ANKRD2,1
ANKRD1,1
ANK1,1
ANGPTL8,1
ANGPTL3,1
ANG,1
WIF1,1
WHAMM,1
WFS1,1
WDR82,1
WDR75,1
WDR7,1
WDR59,1
WDR48,1
WDR45B,1
WDR45,1
AHNAK2,1
AHNAK,1
AHCTF1,1
AKR7L,1
AKR7A3,1
AKR7A2,1
WNK4,1
WNK3,1
WNK2,1
WNK1,1
ALCAM,1
ALB,1
ALOX5AP,1
AMOTL2,1
AMOTL1,1
AMN,1
ADPRS,1
AGAP4,1
AGAP3,1
AGAP1,1
AFP,1
AFG3L2,1
AFG2A,1
AFF4,1
AFF1,1
AEBP2,1
WWP2,1
WT1,1
AGAP9,1
AGAP6,1
AGAP5,1
AIFM2,1
XPO7,1
XPO6,1
XPO5,1
XPO4,1
XPNPEP2,1
XPC,1
XKR9,1
XKR8,1
XKR7,1
XKR6,1
XKR4,1
XIRP2,1
XIRP1,1
XAB2,1
ADAMTS13,1
ADAM9,1
ACAP3,1
ACAP2,1
ACAP1,1
ACOD1,1
ACKR1,1
ACVRL1,1
ACTR8,1
ACTR6,1
ACTR5,1
XRCC6,1
XRCC5,1
XRCC4,1
XRCC3,1
XRCC2,1
XRCC1,1
XPOT,1
ABLIM3,1
ABLIM2,1
ABLIM1,1
ABI2,1
ABHD6,1
ABCG4,1
YOD1,1
YJU2,1
YES1,1
YEATS4,1
YBX3,1
YARS2,1
YARS1,1
YAF2,1
XXYLT1,1
ACBD3,1
ZFP36L2,1
ZFP36L1,1
ZFHX3,1
ZEB2,1
ABCF2-H2BK1,1
ABCF2,1
ABCC9,1
ABCC6,1
ABCC12,1
ZDHHC11B,1
ZDHHC11,1
ZDHHC1,1
ZCCHC7,1
ZCCHC3,1
ZC3HAV1,1
ABRAXAS1,1
olfactory receptor 2G6,1
sulfotransferase 1A3,1
small nucleolar RNA U3,1
AAAS,1
putative exonuclease GOR,1
periodic tryptophan protein 2 homolog,1
ZNRF3,1
ZNHIT1,1
ZNFX1,1
ZNF76,1
ZNF516,1
ZNF408,1
ZNF385A,1
ZNF274,1
ABCC11,1
ABCC10,1
OR1A1,1
OR14K1,1
OR14J1,1
OR14I1,1
OR14C36,1
OR14A2,1
OR14A16,1
OR13J1,1
OR13H1,1
OR13G1,1
OR13F1,1
pepsin A-4-like,1
olfactory receptor 7E24-like,1
olfactory receptor 4N4-like,1
olfactory receptor 4F4,1
olfactory receptor 4F17,1
